RD08,RD09,NEW BASIC CAR,OLD BASIC CAR,NEW AREA,OLD AREA,NEW BUREAU,OLD BUREAU
101,101,1A1,1A1,CENTRAL,CENTRAL,CENTRAL BUREAU,CENTRAL BUREAU
105,105,1A1,1A1,CENTRAL,CENTRAL,CENTRAL BUREAU,CENTRAL BUREAU
109,109,1A1,1A1,CENTRAL,CENTRAL,CENTRAL BUREAU,CENTRAL BUREAU
111,111,1A1,1A1,CENTRAL,CENTRAL,CENTRAL BUREAU,CENTRAL BUREAU
112,112,1A1,1A1,CENTRAL,CENTRAL,CENTRAL BUREAU,CENTRAL BUREAU
118,118,1A1,1A1,CENTRAL,CENTRAL,CENTRAL BUREAU,CENTRAL BUREAU
119,119,1A1,1A1,CENTRAL,CENTRAL,CENTRAL BUREAU,CENTRAL BUREAU
121,121,1A1,1A1,CENTRAL,CENTRAL,CENTRAL BUREAU,CENTRAL BUREAU
122,122,1A1,1A1,CENTRAL,CENTRAL,CENTRAL BUREAU,CENTRAL BUREAU
123,123,1A1,1A1,CENTRAL,CENTRAL,CENTRAL BUREAU,CENTRAL BUREAU
124,124,1A1,1A1,CENTRAL,CENTRAL,CENTRAL BUREAU,CENTRAL BUREAU
127,127,1A1,1A1,CENTRAL,CENTRAL,CENTRAL BUREAU,CENTRAL BUREAU
128,128,1A29,1A29,CENTRAL,CENTRAL,CENTRAL BUREAU,CENTRAL BUREAU
129,129,1A29,1A29,CENTRAL,CENTRAL,CENTRAL BUREAU,CENTRAL BUREAU
131,131,1A1,1A1,CENTRAL,CENTRAL,CENTRAL BUREAU,CENTRAL BUREAU
132,132,1A1,1A1,CENTRAL,CENTRAL,CENTRAL BUREAU,CENTRAL BUREAU
133,133,1A1,1A1,CENTRAL,CENTRAL,CENTRAL BUREAU,CENTRAL BUREAU
134,134,1A41,1A41,CENTRAL,CENTRAL,CENTRAL BUREAU,CENTRAL BUREAU
135,135,1A35,1A35,CENTRAL,CENTRAL,CENTRAL BUREAU,CENTRAL BUREAU
138,138,1A29,1A29,CENTRAL,CENTRAL,CENTRAL BUREAU,CENTRAL BUREAU
139,139,1A29,1A29,CENTRAL,CENTRAL,CENTRAL BUREAU,CENTRAL BUREAU
141,141,1A41,1A41,CENTRAL,CENTRAL,CENTRAL BUREAU,CENTRAL BUREAU
142,142,1A41,1A41,CENTRAL,CENTRAL,CENTRAL BUREAU,CENTRAL BUREAU
143,143,1A41,1A41,CENTRAL,CENTRAL,CENTRAL BUREAU,CENTRAL BUREAU
144,144,1A35,1A35,CENTRAL,CENTRAL,CENTRAL BUREAU,CENTRAL BUREAU
145,145,1A35,1A35,CENTRAL,CENTRAL,CENTRAL BUREAU,CENTRAL BUREAU
146,146,1A35,1A35,CENTRAL,CENTRAL,CENTRAL BUREAU,CENTRAL BUREAU
147,147,1A35,1A35,CENTRAL,CENTRAL,CENTRAL BUREAU,CENTRAL BUREAU
148,148,1A29,1A29,CENTRAL,CENTRAL,CENTRAL BUREAU,CENTRAL BUREAU
151,151,1A41,1A41,CENTRAL,CENTRAL,CENTRAL BUREAU,CENTRAL BUREAU
152,152,1A41,1A41,CENTRAL,CENTRAL,CENTRAL BUREAU,CENTRAL BUREAU
153,153,1A41,1A41,CENTRAL,CENTRAL,CENTRAL BUREAU,CENTRAL BUREAU
154,154,1A35,1A35,CENTRAL,CENTRAL,CENTRAL BUREAU,CENTRAL BUREAU
155,155,1A35,1A35,CENTRAL,CENTRAL,CENTRAL BUREAU,CENTRAL BUREAU
156,156,1A35,1A35,CENTRAL,CENTRAL,CENTRAL BUREAU,CENTRAL BUREAU
157,157,1A29,1A29,CENTRAL,CENTRAL,CENTRAL BUREAU,CENTRAL BUREAU
158,158,1A29,1A29,CENTRAL,CENTRAL,CENTRAL BUREAU,CENTRAL BUREAU
159,159,1A29,1A29,CENTRAL,CENTRAL,CENTRAL BUREAU,CENTRAL BUREAU
161,161,1A61,1A61,CENTRAL,CENTRAL,CENTRAL BUREAU,CENTRAL BUREAU
162,162,1A61,1A61,CENTRAL,CENTRAL,CENTRAL BUREAU,CENTRAL BUREAU
163,163,1A85,1A85,CENTRAL,CENTRAL,CENTRAL BUREAU,CENTRAL BUREAU
164,164,1A35,1A35,CENTRAL,CENTRAL,CENTRAL BUREAU,CENTRAL BUREAU
165,165,1A35,1A35,CENTRAL,CENTRAL,CENTRAL BUREAU,CENTRAL BUREAU
166,166,1A35,1A35,CENTRAL,CENTRAL,CENTRAL BUREAU,CENTRAL BUREAU
171,171,1A61,1A61,CENTRAL,CENTRAL,CENTRAL BUREAU,CENTRAL BUREAU
174,174,1A85,1A85,CENTRAL,CENTRAL,CENTRAL BUREAU,CENTRAL BUREAU
176,176,1A85,1A85,CENTRAL,CENTRAL,CENTRAL BUREAU,CENTRAL BUREAU
181,181,1A61,1A61,CENTRAL,CENTRAL,CENTRAL BUREAU,CENTRAL BUREAU
182,182,1A61,1A61,CENTRAL,CENTRAL,CENTRAL BUREAU,CENTRAL BUREAU
185,185,1A85,1A85,CENTRAL,CENTRAL,CENTRAL BUREAU,CENTRAL BUREAU
191,191,1A61,1A61,CENTRAL,CENTRAL,CENTRAL BUREAU,CENTRAL BUREAU
192,192,1A61,1A61,CENTRAL,CENTRAL,CENTRAL BUREAU,CENTRAL BUREAU
195,195,1A85,1A85,CENTRAL,CENTRAL,CENTRAL BUREAU,CENTRAL BUREAU
211,201,2A1,2A21,RAMPART,RAMPART,CENTRAL BUREAU,CENTRAL BUREAU
212,202,2A1,2A21,RAMPART,RAMPART,CENTRAL BUREAU,CENTRAL BUREAU
216,203,2A1,2A21,RAMPART,RAMPART,CENTRAL BUREAU,CENTRAL BUREAU
213,204,2A12,2A15,RAMPART,RAMPART,CENTRAL BUREAU,CENTRAL BUREAU
214,205,2A12,2A15,RAMPART,RAMPART,CENTRAL BUREAU,CENTRAL BUREAU
221,211,2A1,2A21,RAMPART,RAMPART,CENTRAL BUREAU,CENTRAL BUREAU
222,212,2A12,2A21,RAMPART,RAMPART,CENTRAL BUREAU,CENTRAL BUREAU
224,215,2A12,2A15,RAMPART,RAMPART,CENTRAL BUREAU,CENTRAL BUREAU
215,216,2A17,2A15,RAMPART,RAMPART,CENTRAL BUREAU,CENTRAL BUREAU
218,217,2A17,2A15,RAMPART,RAMPART,CENTRAL BUREAU,CENTRAL BUREAU
217,218,2A39,2A18,RAMPART,RAMPART,CENTRAL BUREAU,CENTRAL BUREAU
219,219,2A39,2A18,RAMPART,RAMPART,CENTRAL BUREAU,CENTRAL BUREAU
223,221,2A1,2A21,RAMPART,RAMPART,CENTRAL BUREAU,CENTRAL BUREAU
234,231,2A12,2A31,RAMPART,RAMPART,CENTRAL BUREAU,CENTRAL BUREAU
226,233,2A17,2A31,RAMPART,RAMPART,CENTRAL BUREAU,CENTRAL BUREAU
235,235,2A17,2A45,RAMPART,RAMPART,CENTRAL BUREAU,CENTRAL BUREAU
236,236,2A56,2A56,RAMPART,RAMPART,CENTRAL BUREAU,CENTRAL BUREAU
237,237,2A39,2A18,RAMPART,RAMPART,CENTRAL BUREAU,CENTRAL BUREAU
238,238,2A39,2A18,RAMPART,RAMPART,CENTRAL BUREAU,CENTRAL BUREAU
239,239,2A39,2A18,RAMPART,RAMPART,CENTRAL BUREAU,CENTRAL BUREAU
244,241,2A45,2A44,RAMPART,RAMPART,CENTRAL BUREAU,CENTRAL BUREAU
245,245,2A45,2A45,RAMPART,RAMPART,CENTRAL BUREAU,CENTRAL BUREAU
246,246,2A56,2A56,RAMPART,RAMPART,CENTRAL BUREAU,CENTRAL BUREAU
248,247,2A56,2A56,RAMPART,RAMPART,CENTRAL BUREAU,CENTRAL BUREAU
247,248,2A69,2A79,RAMPART,RAMPART,CENTRAL BUREAU,CENTRAL BUREAU
249,249,2A69,2A79,RAMPART,RAMPART,CENTRAL BUREAU,CENTRAL BUREAU
228,251,2A45,2A44,RAMPART,RAMPART,CENTRAL BUREAU,CENTRAL BUREAU
256,256,2A56,2A56,RAMPART,RAMPART,CENTRAL BUREAU,CENTRAL BUREAU
257,257,2A69,2A79,RAMPART,RAMPART,CENTRAL BUREAU,CENTRAL BUREAU
264,261,2A45,2A45,RAMPART,RAMPART,CENTRAL BUREAU,CENTRAL BUREAU
266,265,2A75,2A75,RAMPART,RAMPART,CENTRAL BUREAU,CENTRAL BUREAU
267,266,2A75,2A75,RAMPART,RAMPART,CENTRAL BUREAU,CENTRAL BUREAU
269,269,2A69,2A79,RAMPART,RAMPART,CENTRAL BUREAU,CENTRAL BUREAU
274,271,2A75,2A75,RAMPART,RAMPART,CENTRAL BUREAU,CENTRAL BUREAU
275,275,2A75,2A75,RAMPART,RAMPART,CENTRAL BUREAU,CENTRAL BUREAU
279,279,2A92,2A79,RAMPART,RAMPART,CENTRAL BUREAU,CENTRAL BUREAU
276,281,2A92,2A98,RAMPART,RAMPART,CENTRAL BUREAU,CENTRAL BUREAU
277,285,2A92,2A98,RAMPART,RAMPART,CENTRAL BUREAU,CENTRAL BUREAU
289,289,2A92,2A98,RAMPART,RAMPART,CENTRAL BUREAU,CENTRAL BUREAU
284,291,2A92,2A98,RAMPART,RAMPART,CENTRAL BUREAU,CENTRAL BUREAU
296,292,2A92,2A98,RAMPART,RAMPART,CENTRAL BUREAU,CENTRAL BUREAU
286,295,2A92,2A98,RAMPART,RAMPART,CENTRAL BUREAU,CENTRAL BUREAU
299,299,2A92,2A98,RAMPART,RAMPART,CENTRAL BUREAU,CENTRAL BUREAU
301,301,3A1,3A1,SOUTHWEST,SOUTHWEST,SOUTH BUREAU,SOUTH BUREAU
303,303,3A1,3A1,SOUTHWEST,SOUTHWEST,SOUTH BUREAU,SOUTH BUREAU
305,305,3A31,3A31,SOUTHWEST,SOUTHWEST,SOUTH BUREAU,SOUTH BUREAU
307,307,3A31,3A31,SOUTHWEST,SOUTHWEST,SOUTH BUREAU,SOUTH BUREAU
308,308,3A19,3A19,SOUTHWEST,SOUTHWEST,SOUTH BUREAU,SOUTH BUREAU
309,309,3A19,3A19,SOUTHWEST,SOUTHWEST,SOUTH BUREAU,SOUTH BUREAU
311,311,3A1,3A1,SOUTHWEST,SOUTHWEST,SOUTH BUREAU,SOUTH BUREAU
312,312,3A1,3A1,SOUTHWEST,SOUTHWEST,SOUTH BUREAU,SOUTH BUREAU
313,313,3A15,3A15,SOUTHWEST,SOUTHWEST,SOUTH BUREAU,SOUTH BUREAU
314,314,3A15,3A15,SOUTHWEST,SOUTHWEST,SOUTH BUREAU,SOUTH BUREAU
315,315,3A15,3A15,SOUTHWEST,SOUTHWEST,SOUTH BUREAU,SOUTH BUREAU
316,316,3A15,3A15,SOUTHWEST,SOUTHWEST,SOUTH BUREAU,SOUTH BUREAU
317,317,3A15,3A15,SOUTHWEST,SOUTHWEST,SOUTH BUREAU,SOUTH BUREAU
318,318,3A19,3A19,SOUTHWEST,SOUTHWEST,SOUTH BUREAU,SOUTH BUREAU
319,319,3A19,3A19,SOUTHWEST,SOUTHWEST,SOUTH BUREAU,SOUTH BUREAU
321,321,3A1,3A1,SOUTHWEST,SOUTHWEST,SOUTH BUREAU,SOUTH BUREAU
325,325,3A19,3A19,SOUTHWEST,SOUTHWEST,SOUTH BUREAU,SOUTH BUREAU
326,326,3A15,3A15,SOUTHWEST,SOUTHWEST,SOUTH BUREAU,SOUTH BUREAU
327,327,3A19,3A19,SOUTHWEST,SOUTHWEST,SOUTH BUREAU,SOUTH BUREAU
328,328,3A19,3A19,SOUTHWEST,SOUTHWEST,SOUTH BUREAU,SOUTH BUREAU
329,329,3A19,3A19,SOUTHWEST,SOUTHWEST,SOUTH BUREAU,SOUTH BUREAU
331,331,3A31,3A31,SOUTHWEST,SOUTHWEST,SOUTH BUREAU,SOUTH BUREAU
332,332,3A31,3A31,SOUTHWEST,SOUTHWEST,SOUTH BUREAU,SOUTH BUREAU
333,333,3A31,3A31,SOUTHWEST,SOUTHWEST,SOUTH BUREAU,SOUTH BUREAU
334,334,3A31,3A31,SOUTHWEST,SOUTHWEST,SOUTH BUREAU,SOUTH BUREAU
335,335,3A31,3A31,SOUTHWEST,SOUTHWEST,SOUTH BUREAU,SOUTH BUREAU
336,336,3A31,3A31,SOUTHWEST,SOUTHWEST,SOUTH BUREAU,SOUTH BUREAU
337,337,3A15,3A15,SOUTHWEST,SOUTHWEST,SOUTH BUREAU,SOUTH BUREAU
338,338,3A57,3A57,SOUTHWEST,SOUTHWEST,SOUTH BUREAU,SOUTH BUREAU
341,341,3A41,3A41,SOUTHWEST,SOUTHWEST,SOUTH BUREAU,SOUTH BUREAU
343,343,3A41,3A41,SOUTHWEST,SOUTHWEST,SOUTH BUREAU,SOUTH BUREAU
351,351,3A31,3A31,SOUTHWEST,SOUTHWEST,SOUTH BUREAU,SOUTH BUREAU
353,353,3A31,3A31,SOUTHWEST,SOUTHWEST,SOUTH BUREAU,SOUTH BUREAU
354,354,3A55,3A55,SOUTHWEST,SOUTHWEST,SOUTH BUREAU,SOUTH BUREAU
355,355,3A55,3A55,SOUTHWEST,SOUTHWEST,SOUTH BUREAU,SOUTH BUREAU
356,356,3A55,3A55,SOUTHWEST,SOUTHWEST,SOUTH BUREAU,SOUTH BUREAU
357,357,3A57,3A57,SOUTHWEST,SOUTHWEST,SOUTH BUREAU,SOUTH BUREAU
358,358,3A57,3A57,SOUTHWEST,SOUTHWEST,SOUTH BUREAU,SOUTH BUREAU
359,359,3A57,3A57,SOUTHWEST,SOUTHWEST,SOUTH BUREAU,SOUTH BUREAU
361,361,3A41,3A41,SOUTHWEST,SOUTHWEST,SOUTH BUREAU,SOUTH BUREAU
362,362,3A63,3A63,SOUTHWEST,SOUTHWEST,SOUTH BUREAU,SOUTH BUREAU
363,363,3A63,3A63,SOUTHWEST,SOUTHWEST,SOUTH BUREAU,SOUTH BUREAU
373,373,3A73,3A73,SOUTHWEST,SOUTHWEST,SOUTH BUREAU,SOUTH BUREAU
374,374,3A73,3A73,SOUTHWEST,SOUTHWEST,SOUTH BUREAU,SOUTH BUREAU
375,375,3A55,3A55,SOUTHWEST,SOUTHWEST,SOUTH BUREAU,SOUTH BUREAU
376,376,3A55,3A55,SOUTHWEST,SOUTHWEST,SOUTH BUREAU,SOUTH BUREAU
377,377,3A57,3A57,SOUTHWEST,SOUTHWEST,SOUTH BUREAU,SOUTH BUREAU
378,378,3A57,3A57,SOUTHWEST,SOUTHWEST,SOUTH BUREAU,SOUTH BUREAU
379,379,3A57,3A57,SOUTHWEST,SOUTHWEST,SOUTH BUREAU,SOUTH BUREAU
391,391,3A41,3A41,SOUTHWEST,SOUTHWEST,SOUTH BUREAU,SOUTH BUREAU
392,392,3A73,3A73,SOUTHWEST,SOUTHWEST,SOUTH BUREAU,SOUTH BUREAU
393,393,3A73,3A73,SOUTHWEST,SOUTHWEST,SOUTH BUREAU,SOUTH BUREAU
394,394,3A73,3A73,SOUTHWEST,SOUTHWEST,SOUTH BUREAU,SOUTH BUREAU
395,395,3A99,3A99,SOUTHWEST,SOUTHWEST,SOUTH BUREAU,SOUTH BUREAU
396,396,3A99,3A99,SOUTHWEST,SOUTHWEST,SOUTH BUREAU,SOUTH BUREAU
397,397,3A99,3A99,SOUTHWEST,SOUTHWEST,SOUTH BUREAU,SOUTH BUREAU
398,398,3A99,3A99,SOUTHWEST,SOUTHWEST,SOUTH BUREAU,SOUTH BUREAU
399,399,3A99,3A99,SOUTHWEST,SOUTHWEST,SOUTH BUREAU,SOUTH BUREAU
401,401,4A3,4A3,HOLLENBECK,HOLLENBECK,CENTRAL BUREAU,CENTRAL BUREAU
402,402,4A3,4A3,HOLLENBECK,HOLLENBECK,CENTRAL BUREAU,CENTRAL BUREAU
403,403,4A3,4A3,HOLLENBECK,HOLLENBECK,CENTRAL BUREAU,CENTRAL BUREAU
404,404,4A3,4A3,HOLLENBECK,HOLLENBECK,CENTRAL BUREAU,CENTRAL BUREAU
405,405,4A3,4A3,HOLLENBECK,HOLLENBECK,CENTRAL BUREAU,CENTRAL BUREAU
406,406,4A3,4A3,HOLLENBECK,HOLLENBECK,CENTRAL BUREAU,CENTRAL BUREAU
407,407,4A3,4A3,HOLLENBECK,HOLLENBECK,CENTRAL BUREAU,CENTRAL BUREAU
408,408,4A9,4A9,HOLLENBECK,HOLLENBECK,CENTRAL BUREAU,CENTRAL BUREAU
409,409,4A9,4A9,HOLLENBECK,HOLLENBECK,CENTRAL BUREAU,CENTRAL BUREAU
411,411,4A3,4A3,HOLLENBECK,HOLLENBECK,CENTRAL BUREAU,CENTRAL BUREAU
412,412,4A3,4A3,HOLLENBECK,HOLLENBECK,CENTRAL BUREAU,CENTRAL BUREAU
413,413,4A3,4A3,HOLLENBECK,HOLLENBECK,CENTRAL BUREAU,CENTRAL BUREAU
414,414,4A3,4A3,HOLLENBECK,HOLLENBECK,CENTRAL BUREAU,CENTRAL BUREAU
415,415,4A15,4A15,HOLLENBECK,HOLLENBECK,CENTRAL BUREAU,CENTRAL BUREAU
416,416,4A15,4A15,HOLLENBECK,HOLLENBECK,CENTRAL BUREAU,CENTRAL BUREAU
417,417,4A15,4A15,HOLLENBECK,HOLLENBECK,CENTRAL BUREAU,CENTRAL BUREAU
418,418,4A9,4A9,HOLLENBECK,HOLLENBECK,CENTRAL BUREAU,CENTRAL BUREAU
421,421,4A15,4A15,HOLLENBECK,HOLLENBECK,CENTRAL BUREAU,CENTRAL BUREAU
422,422,4A15,4A15,HOLLENBECK,HOLLENBECK,CENTRAL BUREAU,CENTRAL BUREAU
423,423,4A15,4A15,HOLLENBECK,HOLLENBECK,CENTRAL BUREAU,CENTRAL BUREAU
424,424,4A15,4A15,HOLLENBECK,HOLLENBECK,CENTRAL BUREAU,CENTRAL BUREAU
426,426,4A9,4A9,HOLLENBECK,HOLLENBECK,CENTRAL BUREAU,CENTRAL BUREAU
427,427,4A9,4A9,HOLLENBECK,HOLLENBECK,CENTRAL BUREAU,CENTRAL BUREAU
428,428,4A9,4A9,HOLLENBECK,HOLLENBECK,CENTRAL BUREAU,CENTRAL BUREAU
429,429,4A9,4A9,HOLLENBECK,HOLLENBECK,CENTRAL BUREAU,CENTRAL BUREAU
437,437,4A59,4A59,HOLLENBECK,HOLLENBECK,CENTRAL BUREAU,CENTRAL BUREAU
438,438,4A9,4A9,HOLLENBECK,HOLLENBECK,CENTRAL BUREAU,CENTRAL BUREAU
439,439,4A9,4A9,HOLLENBECK,HOLLENBECK,CENTRAL BUREAU,CENTRAL BUREAU
441,441,4A15,4A15,HOLLENBECK,HOLLENBECK,CENTRAL BUREAU,CENTRAL BUREAU
442,442,4A15,4A15,HOLLENBECK,HOLLENBECK,CENTRAL BUREAU,CENTRAL BUREAU
443,443,4A15,4A15,HOLLENBECK,HOLLENBECK,CENTRAL BUREAU,CENTRAL BUREAU
445,445,4A15,4A15,HOLLENBECK,HOLLENBECK,CENTRAL BUREAU,CENTRAL BUREAU
448,448,4A59,4A59,HOLLENBECK,HOLLENBECK,CENTRAL BUREAU,CENTRAL BUREAU
449,449,4A59,4A59,HOLLENBECK,HOLLENBECK,CENTRAL BUREAU,CENTRAL BUREAU
451,451,4A71,4A71,HOLLENBECK,HOLLENBECK,CENTRAL BUREAU,CENTRAL BUREAU
452,452,4A71,4A71,HOLLENBECK,HOLLENBECK,CENTRAL BUREAU,CENTRAL BUREAU
453,453,4A53,4A53,HOLLENBECK,HOLLENBECK,CENTRAL BUREAU,CENTRAL BUREAU
454,454,4A53,4A53,HOLLENBECK,HOLLENBECK,CENTRAL BUREAU,CENTRAL BUREAU
455,455,4A53,4A53,HOLLENBECK,HOLLENBECK,CENTRAL BUREAU,CENTRAL BUREAU
456,456,4A59,4A59,HOLLENBECK,HOLLENBECK,CENTRAL BUREAU,CENTRAL BUREAU
457,457,4A53,4A53,HOLLENBECK,HOLLENBECK,CENTRAL BUREAU,CENTRAL BUREAU
459,459,4A59,4A59,HOLLENBECK,HOLLENBECK,CENTRAL BUREAU,CENTRAL BUREAU
461,461,4A71,4A71,HOLLENBECK,HOLLENBECK,CENTRAL BUREAU,CENTRAL BUREAU
462,462,4A71,4A71,HOLLENBECK,HOLLENBECK,CENTRAL BUREAU,CENTRAL BUREAU
463,463,4A53,4A53,HOLLENBECK,HOLLENBECK,CENTRAL BUREAU,CENTRAL BUREAU
464,464,4A71,4A71,HOLLENBECK,HOLLENBECK,CENTRAL BUREAU,CENTRAL BUREAU
465,465,4A59,4A59,HOLLENBECK,HOLLENBECK,CENTRAL BUREAU,CENTRAL BUREAU
466,466,4A53,4A53,HOLLENBECK,HOLLENBECK,CENTRAL BUREAU,CENTRAL BUREAU
467,467,4A71,4A71,HOLLENBECK,HOLLENBECK,CENTRAL BUREAU,CENTRAL BUREAU
468,468,4A59,4A59,HOLLENBECK,HOLLENBECK,CENTRAL BUREAU,CENTRAL BUREAU
469,469,4A59,4A59,HOLLENBECK,HOLLENBECK,CENTRAL BUREAU,CENTRAL BUREAU
471,471,4A71,4A71,HOLLENBECK,HOLLENBECK,CENTRAL BUREAU,CENTRAL BUREAU
473,473,4A71,4A71,HOLLENBECK,HOLLENBECK,CENTRAL BUREAU,CENTRAL BUREAU
477,477,4A71,4A71,HOLLENBECK,HOLLENBECK,CENTRAL BUREAU,CENTRAL BUREAU
478,478,4A97,4A97,HOLLENBECK,HOLLENBECK,CENTRAL BUREAU,CENTRAL BUREAU
479,479,4A97,4A97,HOLLENBECK,HOLLENBECK,CENTRAL BUREAU,CENTRAL BUREAU
483,483,4A71,4A71,HOLLENBECK,HOLLENBECK,CENTRAL BUREAU,CENTRAL BUREAU
487,487,4A97,4A97,HOLLENBECK,HOLLENBECK,CENTRAL BUREAU,CENTRAL BUREAU
488,488,4A97,4A97,HOLLENBECK,HOLLENBECK,CENTRAL BUREAU,CENTRAL BUREAU
489,489,4A97,4A97,HOLLENBECK,HOLLENBECK,CENTRAL BUREAU,CENTRAL BUREAU
491,491,4A97,4A97,HOLLENBECK,HOLLENBECK,CENTRAL BUREAU,CENTRAL BUREAU
497,497,4A97,4A97,HOLLENBECK,HOLLENBECK,CENTRAL BUREAU,CENTRAL BUREAU
499,499,4A97,4A97,HOLLENBECK,HOLLENBECK,CENTRAL BUREAU,CENTRAL BUREAU
501,501,5A1,5A1,HARBOR,HARBOR,SOUTH BUREAU,SOUTH BUREAU
502,502,5A1,5A1,HARBOR,HARBOR,SOUTH BUREAU,SOUTH BUREAU
503,503,5A11,5A11,HARBOR,HARBOR,SOUTH BUREAU,SOUTH BUREAU
504,504,5A1,5A1,HARBOR,HARBOR,SOUTH BUREAU,SOUTH BUREAU
505,505,5A1,5A1,HARBOR,HARBOR,SOUTH BUREAU,SOUTH BUREAU
506,506,5A1,5A1,HARBOR,HARBOR,SOUTH BUREAU,SOUTH BUREAU
507,507,5A1,5A1,HARBOR,HARBOR,SOUTH BUREAU,SOUTH BUREAU
508,508,5A11,5A11,HARBOR,HARBOR,SOUTH BUREAU,SOUTH BUREAU
509,509,5A11,5A11,HARBOR,HARBOR,SOUTH BUREAU,SOUTH BUREAU
511,511,5A11,5A11,HARBOR,HARBOR,SOUTH BUREAU,SOUTH BUREAU
512,512,5A11,5A11,HARBOR,HARBOR,SOUTH BUREAU,SOUTH BUREAU
513,513,5A11,5A11,HARBOR,HARBOR,SOUTH BUREAU,SOUTH BUREAU
514,514,5A15,5A15,HARBOR,HARBOR,SOUTH BUREAU,SOUTH BUREAU
515,515,5A15,5A15,HARBOR,HARBOR,SOUTH BUREAU,SOUTH BUREAU
516,516,5A15,5A15,HARBOR,HARBOR,SOUTH BUREAU,SOUTH BUREAU
517,517,5A17,5A17,HARBOR,HARBOR,SOUTH BUREAU,SOUTH BUREAU
518,518,5A15,5A15,HARBOR,HARBOR,SOUTH BUREAU,SOUTH BUREAU
519,519,5A15,5A15,HARBOR,HARBOR,SOUTH BUREAU,SOUTH BUREAU
521,521,5A55,5A55,HARBOR,HARBOR,SOUTH BUREAU,SOUTH BUREAU
522,522,5A25,5A25,HARBOR,HARBOR,SOUTH BUREAU,SOUTH BUREAU
523,523,5A25,5A25,HARBOR,HARBOR,SOUTH BUREAU,SOUTH BUREAU
524,524,5A25,5A25,HARBOR,HARBOR,SOUTH BUREAU,SOUTH BUREAU
525,525,5A25,5A25,HARBOR,HARBOR,SOUTH BUREAU,SOUTH BUREAU
526,526,5A25,5A25,HARBOR,HARBOR,SOUTH BUREAU,SOUTH BUREAU
527,527,5A25,5A25,HARBOR,HARBOR,SOUTH BUREAU,SOUTH BUREAU
528,528,5A17,5A17,HARBOR,HARBOR,SOUTH BUREAU,SOUTH BUREAU
529,529,5A17,5A17,HARBOR,HARBOR,SOUTH BUREAU,SOUTH BUREAU
531,531,5A11,5A11,HARBOR,HARBOR,SOUTH BUREAU,SOUTH BUREAU
532,532,5A15,5A15,HARBOR,HARBOR,SOUTH BUREAU,SOUTH BUREAU
541,541,5A55,5A55,HARBOR,HARBOR,SOUTH BUREAU,SOUTH BUREAU
551,551,5A55,5A55,HARBOR,HARBOR,SOUTH BUREAU,SOUTH BUREAU
555,555,5A55,5A55,HARBOR,HARBOR,SOUTH BUREAU,SOUTH BUREAU
557,557,5A55,5A55,HARBOR,HARBOR,SOUTH BUREAU,SOUTH BUREAU
558,558,5A59,5A59,HARBOR,HARBOR,SOUTH BUREAU,SOUTH BUREAU
559,559,5A59,5A59,HARBOR,HARBOR,SOUTH BUREAU,SOUTH BUREAU
561,561,5A55,5A55,HARBOR,HARBOR,SOUTH BUREAU,SOUTH BUREAU
562,562,5A55,5A55,HARBOR,HARBOR,SOUTH BUREAU,SOUTH BUREAU
563,563,5A85,5A85,HARBOR,HARBOR,SOUTH BUREAU,SOUTH BUREAU
564,564,5A59,5A59,HARBOR,HARBOR,SOUTH BUREAU,SOUTH BUREAU
565,565,5A55,5A55,HARBOR,HARBOR,SOUTH BUREAU,SOUTH BUREAU
566,566,5A59,5A59,HARBOR,HARBOR,SOUTH BUREAU,SOUTH BUREAU
567,567,5A59,5A59,HARBOR,HARBOR,SOUTH BUREAU,SOUTH BUREAU
569,569,5A59,5A59,HARBOR,HARBOR,SOUTH BUREAU,SOUTH BUREAU
581,581,5A85,5A85,HARBOR,HARBOR,SOUTH BUREAU,SOUTH BUREAU
583,583,5A85,5A85,HARBOR,HARBOR,SOUTH BUREAU,SOUTH BUREAU
584,584,5A85,5A85,HARBOR,HARBOR,SOUTH BUREAU,SOUTH BUREAU
585,585,5A85,5A85,HARBOR,HARBOR,SOUTH BUREAU,SOUTH BUREAU
587,587,5A85,5A85,HARBOR,HARBOR,SOUTH BUREAU,SOUTH BUREAU
589,589,5A85,5A85,HARBOR,HARBOR,SOUTH BUREAU,SOUTH BUREAU
599,599,5A59,5A59,HARBOR,HARBOR,SOUTH BUREAU,SOUTH BUREAU
615,615,6A15,6A15,HOLLYWOOD,HOLLYWOOD,WEST BUREAU,WEST BUREAU
621,621,6A31,6A31,HOLLYWOOD,HOLLYWOOD,WEST BUREAU,WEST BUREAU
622,622,6A31,6A31,HOLLYWOOD,HOLLYWOOD,WEST BUREAU,WEST BUREAU
625,625,6A31,6A15,HOLLYWOOD,HOLLYWOOD,WEST BUREAU,WEST BUREAU
626,626,6A15,6A15,HOLLYWOOD,HOLLYWOOD,WEST BUREAU,WEST BUREAU
627,627,6A15,6A15,HOLLYWOOD,HOLLYWOOD,WEST BUREAU,WEST BUREAU
628,628,6A15,6A15,HOLLYWOOD,HOLLYWOOD,WEST BUREAU,WEST BUREAU
629,629,6A15,6A15,HOLLYWOOD,HOLLYWOOD,WEST BUREAU,WEST BUREAU
631,631,6A31,6A31,HOLLYWOOD,HOLLYWOOD,WEST BUREAU,WEST BUREAU
632,632,6A31,6A31,HOLLYWOOD,HOLLYWOOD,WEST BUREAU,WEST BUREAU
635,635,6A15,6A15,HOLLYWOOD,HOLLYWOOD,WEST BUREAU,WEST BUREAU
636,636,6A15,6A37,HOLLYWOOD,HOLLYWOOD,WEST BUREAU,WEST BUREAU
637,637,6A49,6A37,HOLLYWOOD,HOLLYWOOD,WEST BUREAU,WEST BUREAU
638,638,6A49,6A49,HOLLYWOOD,HOLLYWOOD,WEST BUREAU,WEST BUREAU
639,639,6A49,6A49,HOLLYWOOD,HOLLYWOOD,WEST BUREAU,WEST BUREAU
642,642,6A31,6A31,HOLLYWOOD,HOLLYWOOD,WEST BUREAU,WEST BUREAU
643,643,6A45,6A31,HOLLYWOOD,HOLLYWOOD,WEST BUREAU,WEST BUREAU
644,644,6A45,6A31,HOLLYWOOD,HOLLYWOOD,WEST BUREAU,WEST BUREAU
645,645,6A45,6A45,HOLLYWOOD,HOLLYWOOD,WEST BUREAU,WEST BUREAU
646,646,6A65,6A45,HOLLYWOOD,HOLLYWOOD,WEST BUREAU,WEST BUREAU
647,647,6A67,6A37,HOLLYWOOD,HOLLYWOOD,WEST BUREAU,WEST BUREAU
648,648,6A49,6A49,HOLLYWOOD,HOLLYWOOD,WEST BUREAU,WEST BUREAU
649,649,6A49,6A49,HOLLYWOOD,HOLLYWOOD,WEST BUREAU,WEST BUREAU
656,656,6A77,6A77,HOLLYWOOD,HOLLYWOOD,WEST BUREAU,WEST BUREAU
657,657,6A77,6A77,HOLLYWOOD,HOLLYWOOD,WEST BUREAU,WEST BUREAU
659,659,6A79,6A79,HOLLYWOOD,HOLLYWOOD,WEST BUREAU,WEST BUREAU
665,665,6A65,6A65,HOLLYWOOD,HOLLYWOOD,WEST BUREAU,WEST BUREAU
666,666,6A67,6A65,HOLLYWOOD,HOLLYWOOD,WEST BUREAU,WEST BUREAU
667,667,6A67,6A77,HOLLYWOOD,HOLLYWOOD,WEST BUREAU,WEST BUREAU
668,668,6A79,6A79,HOLLYWOOD,HOLLYWOOD,WEST BUREAU,WEST BUREAU
669,669,6A79,6A79,HOLLYWOOD,HOLLYWOOD,WEST BUREAU,WEST BUREAU
676,676,6A77,6A77,HOLLYWOOD,HOLLYWOOD,WEST BUREAU,WEST BUREAU
677,677,6A77,6A77,HOLLYWOOD,HOLLYWOOD,WEST BUREAU,WEST BUREAU
678,678,6A77,6A97,HOLLYWOOD,HOLLYWOOD,WEST BUREAU,WEST BUREAU
679,679,6A79,6A79,HOLLYWOOD,HOLLYWOOD,WEST BUREAU,WEST BUREAU
671,701,7A1,6A71,WILSHIRE,HOLLYWOOD,WEST BUREAU,WEST BUREAU
672,702,7A1,6A71,WILSHIRE,HOLLYWOOD,WEST BUREAU,WEST BUREAU
674,705,7A1,6A71,WILSHIRE,HOLLYWOOD,WEST BUREAU,WEST BUREAU
706,706,7A17,7A3,WILSHIRE,WILSHIRE,WEST BUREAU,WEST BUREAU
691,711,7A1,6A71,WILSHIRE,HOLLYWOOD,WEST BUREAU,WEST BUREAU
692,713,7A1,6A71,WILSHIRE,HOLLYWOOD,WEST BUREAU,WEST BUREAU
693,714,7A1,6A71,WILSHIRE,HOLLYWOOD,WEST BUREAU,WEST BUREAU
694,715,7A1,6A71,WILSHIRE,HOLLYWOOD,WEST BUREAU,WEST BUREAU
716,717,7A17,7A3,WILSHIRE,WILSHIRE,WEST BUREAU,WEST BUREAU
707,719,7A17,7A7,WILSHIRE,WILSHIRE,WEST BUREAU,WEST BUREAU
701,721,7A21,7A1,WILSHIRE,WILSHIRE,WEST BUREAU,WEST BUREAU
711,722,7A21,7A1,WILSHIRE,WILSHIRE,WEST BUREAU,WEST BUREAU
702,723,7A21,7A1,WILSHIRE,WILSHIRE,WEST BUREAU,WEST BUREAU
703,724,7A33,7A3,WILSHIRE,WILSHIRE,WEST BUREAU,WEST BUREAU
704,725,7A33,7A3,WILSHIRE,WILSHIRE,WEST BUREAU,WEST BUREAU
705,726,7A17,7A3,WILSHIRE,WILSHIRE,WEST BUREAU,WEST BUREAU
717,727,7A17,7A3,WILSHIRE,WILSHIRE,WEST BUREAU,WEST BUREAU
718,729,7A17,7A7,WILSHIRE,WILSHIRE,WEST BUREAU,WEST BUREAU
721,732,7A21,7A1,WILSHIRE,WILSHIRE,WEST BUREAU,WEST BUREAU
722,733,7A33,7A33,WILSHIRE,WILSHIRE,WEST BUREAU,WEST BUREAU
714,734,7A33,7A3,WILSHIRE,WILSHIRE,WEST BUREAU,WEST BUREAU
723,735,7A33,7A33,WILSHIRE,WILSHIRE,WEST BUREAU,WEST BUREAU
715,736,7A17,7A33,WILSHIRE,WILSHIRE,WEST BUREAU,WEST BUREAU
724,737,7A17,7A7,WILSHIRE,WILSHIRE,WEST BUREAU,WEST BUREAU
725,738,7A17,7A7,WILSHIRE,WILSHIRE,WEST BUREAU,WEST BUREAU
726,739,7A17,7A7,WILSHIRE,WILSHIRE,WEST BUREAU,WEST BUREAU
731,742,7A21,7A33,WILSHIRE,WILSHIRE,WEST BUREAU,WEST BUREAU
732,743,7A33,7A33,WILSHIRE,WILSHIRE,WEST BUREAU,WEST BUREAU
733,745,7A33,7A33,WILSHIRE,WILSHIRE,WEST BUREAU,WEST BUREAU
734,747,7A47,7A35,WILSHIRE,WILSHIRE,WEST BUREAU,WEST BUREAU
735,749,7A47,7A35,WILSHIRE,WILSHIRE,WEST BUREAU,WEST BUREAU
741,752,7A53,7A33,WILSHIRE,WILSHIRE,WEST BUREAU,WEST BUREAU
742,753,7A53,7A33,WILSHIRE,WILSHIRE,WEST BUREAU,WEST BUREAU
743,755,7A53,7A61,WILSHIRE,WILSHIRE,WEST BUREAU,WEST BUREAU
745,758,7A47,7A35,WILSHIRE,WILSHIRE,WEST BUREAU,WEST BUREAU
746,759,7A69,7A87,WILSHIRE,WILSHIRE,WEST BUREAU,WEST BUREAU
761,762,7A53,7A61,WILSHIRE,WILSHIRE,WEST BUREAU,WEST BUREAU
762,763,7A53,7A61,WILSHIRE,WILSHIRE,WEST BUREAU,WEST BUREAU
763,764,7A53,7A61,WILSHIRE,WILSHIRE,WEST BUREAU,WEST BUREAU
764,765,7A47,7A35,WILSHIRE,WILSHIRE,WEST BUREAU,WEST BUREAU
765,766,7A47,7A35,WILSHIRE,WILSHIRE,WEST BUREAU,WEST BUREAU
766,767,7A69,7A87,WILSHIRE,WILSHIRE,WEST BUREAU,WEST BUREAU
793,769,7A69,7A87,WILSHIRE,WILSHIRE,WEST BUREAU,WEST BUREAU
772,773,7A73,7A61,WILSHIRE,WILSHIRE,WEST BUREAU,WEST BUREAU
773,774,7A85,7A73,WILSHIRE,WILSHIRE,WEST BUREAU,WEST BUREAU
792,775,7A85,7A73,WILSHIRE,WILSHIRE,WEST BUREAU,WEST BUREAU
774,776,7A85,7A73,WILSHIRE,WILSHIRE,WEST BUREAU,WEST BUREAU
775,777,7A85,7A73,WILSHIRE,WILSHIRE,WEST BUREAU,WEST BUREAU
776,778,7A69,7A87,WILSHIRE,WILSHIRE,WEST BUREAU,WEST BUREAU
794,779,7A69,7A87,WILSHIRE,WILSHIRE,WEST BUREAU,WEST BUREAU
771,782,7A73,7A61,WILSHIRE,WILSHIRE,WEST BUREAU,WEST BUREAU
782,783,7A73,7A73,WILSHIRE,WILSHIRE,WEST BUREAU,WEST BUREAU
783,784,7A73,7A73,WILSHIRE,WILSHIRE,WEST BUREAU,WEST BUREAU
784,785,7A85,7A73,WILSHIRE,WILSHIRE,WEST BUREAU,WEST BUREAU
785,787,7A85,7A73,WILSHIRE,WILSHIRE,WEST BUREAU,WEST BUREAU
786,788,7A69,7A87,WILSHIRE,WILSHIRE,WEST BUREAU,WEST BUREAU
787,789,7A69,7A87,WILSHIRE,WILSHIRE,WEST BUREAU,WEST BUREAU
801,801,8A1,8A1,WEST LOS ANGELES,WEST LOS ANGELES,WEST BUREAU,WEST BUREAU
802,802,8A1,8A1,WEST LOS ANGELES,WEST LOS ANGELES,WEST BUREAU,WEST BUREAU
803,803,8A13,8A13,WEST LOS ANGELES,WEST LOS ANGELES,WEST BUREAU,WEST BUREAU
804,804,8A13,8A13,WEST LOS ANGELES,WEST LOS ANGELES,WEST BUREAU,WEST BUREAU
805,805,8A29,8A29,WEST LOS ANGELES,WEST LOS ANGELES,WEST BUREAU,WEST BUREAU
806,806,8A29,8A29,WEST LOS ANGELES,WEST LOS ANGELES,WEST BUREAU,WEST BUREAU
807,807,8A29,8A29,WEST LOS ANGELES,WEST LOS ANGELES,WEST BUREAU,WEST BUREAU
808,808,8A29,8A29,WEST LOS ANGELES,WEST LOS ANGELES,WEST BUREAU,WEST BUREAU
809,809,8A29,8A29,WEST LOS ANGELES,WEST LOS ANGELES,WEST BUREAU,WEST BUREAU
811,811,8A1,8A1,WEST LOS ANGELES,WEST LOS ANGELES,WEST BUREAU,WEST BUREAU
812,812,8A13,8A13,WEST LOS ANGELES,WEST LOS ANGELES,WEST BUREAU,WEST BUREAU
813,813,8A13,8A13,WEST LOS ANGELES,WEST LOS ANGELES,WEST BUREAU,WEST BUREAU
814,814,8A13,8A13,WEST LOS ANGELES,WEST LOS ANGELES,WEST BUREAU,WEST BUREAU
815,815,8A29,8A29,WEST LOS ANGELES,WEST LOS ANGELES,WEST BUREAU,WEST BUREAU
816,816,8A29,8A29,WEST LOS ANGELES,WEST LOS ANGELES,WEST BUREAU,WEST BUREAU
817,817,8A29,8A29,WEST LOS ANGELES,WEST LOS ANGELES,WEST BUREAU,WEST BUREAU
818,818,8A29,8A29,WEST LOS ANGELES,WEST LOS ANGELES,WEST BUREAU,WEST BUREAU
819,819,8A29,8A29,WEST LOS ANGELES,WEST LOS ANGELES,WEST BUREAU,WEST BUREAU
821,821,8A1,8A1,WEST LOS ANGELES,WEST LOS ANGELES,WEST BUREAU,WEST BUREAU
822,822,8A1,8A1,WEST LOS ANGELES,WEST LOS ANGELES,WEST BUREAU,WEST BUREAU
823,823,8A1,8A1,WEST LOS ANGELES,WEST LOS ANGELES,WEST BUREAU,WEST BUREAU
824,824,8A1,8A1,WEST LOS ANGELES,WEST LOS ANGELES,WEST BUREAU,WEST BUREAU
825,825,8A13,8A13,WEST LOS ANGELES,WEST LOS ANGELES,WEST BUREAU,WEST BUREAU
826,826,8A13,8A13,WEST LOS ANGELES,WEST LOS ANGELES,WEST BUREAU,WEST BUREAU
827,827,8A13,8A13,WEST LOS ANGELES,WEST LOS ANGELES,WEST BUREAU,WEST BUREAU
828,828,8A29,8A29,WEST LOS ANGELES,WEST LOS ANGELES,WEST BUREAU,WEST BUREAU
829,829,8A29,8A29,WEST LOS ANGELES,WEST LOS ANGELES,WEST BUREAU,WEST BUREAU
831,831,8A13,8A13,WEST LOS ANGELES,WEST LOS ANGELES,WEST BUREAU,WEST BUREAU
832,832,8A13,8A13,WEST LOS ANGELES,WEST LOS ANGELES,WEST BUREAU,WEST BUREAU
833,833,8A29,8A29,WEST LOS ANGELES,WEST LOS ANGELES,WEST BUREAU,WEST BUREAU
834,834,8A29,8A29,WEST LOS ANGELES,WEST LOS ANGELES,WEST BUREAU,WEST BUREAU
835,835,8A35,8A35,WEST LOS ANGELES,WEST LOS ANGELES,WEST BUREAU,WEST BUREAU
836,836,8A35,8A35,WEST LOS ANGELES,WEST LOS ANGELES,WEST BUREAU,WEST BUREAU
837,837,8A29,8A29,WEST LOS ANGELES,WEST LOS ANGELES,WEST BUREAU,WEST BUREAU
838,838,8A29,8A29,WEST LOS ANGELES,WEST LOS ANGELES,WEST BUREAU,WEST BUREAU
839,839,8A95,8A95,WEST LOS ANGELES,WEST LOS ANGELES,WEST BUREAU,WEST BUREAU
841,841,8A53,8A53,WEST LOS ANGELES,WEST LOS ANGELES,WEST BUREAU,WEST BUREAU
842,842,8A53,8A53,WEST LOS ANGELES,WEST LOS ANGELES,WEST BUREAU,WEST BUREAU
843,843,8A13,8A13,WEST LOS ANGELES,WEST LOS ANGELES,WEST BUREAU,WEST BUREAU
847,847,8A35,8A35,WEST LOS ANGELES,WEST LOS ANGELES,WEST BUREAU,WEST BUREAU
848,848,8A95,8A95,WEST LOS ANGELES,WEST LOS ANGELES,WEST BUREAU,WEST BUREAU
849,849,8A59,8A59,WEST LOS ANGELES,WEST LOS ANGELES,WEST BUREAU,WEST BUREAU
851,851,8A53,8A53,WEST LOS ANGELES,WEST LOS ANGELES,WEST BUREAU,WEST BUREAU
852,852,8A53,8A53,WEST LOS ANGELES,WEST LOS ANGELES,WEST BUREAU,WEST BUREAU
853,853,8A53,8A53,WEST LOS ANGELES,WEST LOS ANGELES,WEST BUREAU,WEST BUREAU
854,854,8A35,8A35,WEST LOS ANGELES,WEST LOS ANGELES,WEST BUREAU,WEST BUREAU
855,855,8A29,8A29,WEST LOS ANGELES,WEST LOS ANGELES,WEST BUREAU,WEST BUREAU
857,857,8A95,8A95,WEST LOS ANGELES,WEST LOS ANGELES,WEST BUREAU,WEST BUREAU
858,858,8A95,8A95,WEST LOS ANGELES,WEST LOS ANGELES,WEST BUREAU,WEST BUREAU
859,859,8A59,8A59,WEST LOS ANGELES,WEST LOS ANGELES,WEST BUREAU,WEST BUREAU
861,861,8A1,8A1,WEST LOS ANGELES,WEST LOS ANGELES,WEST BUREAU,WEST BUREAU
871,871,8A1,8A1,WEST LOS ANGELES,WEST LOS ANGELES,WEST BUREAU,WEST BUREAU
872,872,8A1,8A1,WEST LOS ANGELES,WEST LOS ANGELES,WEST BUREAU,WEST BUREAU
881,881,8A53,8A53,WEST LOS ANGELES,WEST LOS ANGELES,WEST BUREAU,WEST BUREAU
882,882,8A53,8A53,WEST LOS ANGELES,WEST LOS ANGELES,WEST BUREAU,WEST BUREAU
883,883,8A35,8A35,WEST LOS ANGELES,WEST LOS ANGELES,WEST BUREAU,WEST BUREAU
884,884,8A35,8A35,WEST LOS ANGELES,WEST LOS ANGELES,WEST BUREAU,WEST BUREAU
885,885,8A95,8A95,WEST LOS ANGELES,WEST LOS ANGELES,WEST BUREAU,WEST BUREAU
886,886,8A95,8A95,WEST LOS ANGELES,WEST LOS ANGELES,WEST BUREAU,WEST BUREAU
887,887,8A95,8A95,WEST LOS ANGELES,WEST LOS ANGELES,WEST BUREAU,WEST BUREAU
889,889,8A59,8A59,WEST LOS ANGELES,WEST LOS ANGELES,WEST BUREAU,WEST BUREAU
891,891,8A53,8A53,WEST LOS ANGELES,WEST LOS ANGELES,WEST BUREAU,WEST BUREAU
892,892,8A53,8A53,WEST LOS ANGELES,WEST LOS ANGELES,WEST BUREAU,WEST BUREAU
893,893,8A35,8A35,WEST LOS ANGELES,WEST LOS ANGELES,WEST BUREAU,WEST BUREAU
895,895,8A95,8A95,WEST LOS ANGELES,WEST LOS ANGELES,WEST BUREAU,WEST BUREAU
896,896,8A95,8A95,WEST LOS ANGELES,WEST LOS ANGELES,WEST BUREAU,WEST BUREAU
897,897,8A95,8A95,WEST LOS ANGELES,WEST LOS ANGELES,WEST BUREAU,WEST BUREAU
898,898,8A95,8A95,WEST LOS ANGELES,WEST LOS ANGELES,WEST BUREAU,WEST BUREAU
899,899,8A95,8A95,WEST LOS ANGELES,WEST LOS ANGELES,WEST BUREAU,WEST BUREAU
935,901,9A5,9A35,VAN NUYS,VAN NUYS,VALLEY BUREAU,VALLEY BUREAU
936,904,9A5,9A23,VAN NUYS,VAN NUYS,VALLEY BUREAU,VALLEY BUREAU
917,905,9A5,9A23,VAN NUYS,VAN NUYS,VALLEY BUREAU,VALLEY BUREAU
937,906,9A5,9A37,VAN NUYS,VAN NUYS,VALLEY BUREAU,VALLEY BUREAU
938,909,9A5,9A37,VAN NUYS,VAN NUYS,VALLEY BUREAU,VALLEY BUREAU
944,911,9A23,9A45,VAN NUYS,VAN NUYS,VALLEY BUREAU,VALLEY BUREAU
945,914,9A23,9A45,VAN NUYS,VAN NUYS,VALLEY BUREAU,VALLEY BUREAU
946,915,9A19,9A49,VAN NUYS,VAN NUYS,VALLEY BUREAU,VALLEY BUREAU
928,916,9A19,9A49,VAN NUYS,VAN NUYS,VALLEY BUREAU,VALLEY BUREAU
929,919,9A19,9A49,VAN NUYS,VAN NUYS,VALLEY BUREAU,VALLEY BUREAU
955,923,9A23,9A45,VAN NUYS,VAN NUYS,VALLEY BUREAU,VALLEY BUREAU
956,926,9A19,9A49,VAN NUYS,VAN NUYS,VALLEY BUREAU,VALLEY BUREAU
948,929,9A19,9A49,VAN NUYS,VAN NUYS,VALLEY BUREAU,VALLEY BUREAU
953,931,9A23,9A59,VAN NUYS,VAN NUYS,VALLEY BUREAU,VALLEY BUREAU
954,932,9A23,9A59,VAN NUYS,VAN NUYS,VALLEY BUREAU,VALLEY BUREAU
957,933,9A41,9A59,VAN NUYS,VAN NUYS,VALLEY BUREAU,VALLEY BUREAU
958,935,9A41,9A59,VAN NUYS,VAN NUYS,VALLEY BUREAU,VALLEY BUREAU
959,937,9A37,9A59,VAN NUYS,VAN NUYS,VALLEY BUREAU,VALLEY BUREAU
966,938,9A37,9A65,VAN NUYS,VAN NUYS,VALLEY BUREAU,VALLEY BUREAU
969,939,9A37,9A65,VAN NUYS,VAN NUYS,VALLEY BUREAU,VALLEY BUREAU
962,941,9A41,9A59,VAN NUYS,VAN NUYS,VALLEY BUREAU,VALLEY BUREAU
964,943,9A41,9A65,VAN NUYS,VAN NUYS,VALLEY BUREAU,VALLEY BUREAU
965,946,9A37,9A65,VAN NUYS,VAN NUYS,VALLEY BUREAU,VALLEY BUREAU
968,948,9A37,9A65,VAN NUYS,VAN NUYS,VALLEY BUREAU,VALLEY BUREAU
963,952,9A41,9A79,VAN NUYS,VAN NUYS,VALLEY BUREAU,VALLEY BUREAU
975,955,9A63,9A79,VAN NUYS,VAN NUYS,VALLEY BUREAU,VALLEY BUREAU
967,957,9A63,9A79,VAN NUYS,VAN NUYS,VALLEY BUREAU,VALLEY BUREAU
971,961,9A63,9A83,VAN NUYS,VAN NUYS,VALLEY BUREAU,VALLEY BUREAU
972,963,9A63,9A79,VAN NUYS,VAN NUYS,VALLEY BUREAU,VALLEY BUREAU
976,964,9A63,9A79,VAN NUYS,VAN NUYS,VALLEY BUREAU,VALLEY BUREAU
977,966,9A63,9A79,VAN NUYS,VAN NUYS,VALLEY BUREAU,VALLEY BUREAU
979,969,9A37,9A79,VAN NUYS,VAN NUYS,VALLEY BUREAU,VALLEY BUREAU
973,971,9A63,9A83,VAN NUYS,VAN NUYS,VALLEY BUREAU,VALLEY BUREAU
974,974,9A63,9A83,VAN NUYS,VAN NUYS,VALLEY BUREAU,VALLEY BUREAU
989,976,9A63,9A89,VAN NUYS,VAN NUYS,VALLEY BUREAU,VALLEY BUREAU
978,979,9A63,9A89,VAN NUYS,VAN NUYS,VALLEY BUREAU,VALLEY BUREAU
983,981,9A89,9A83,VAN NUYS,VAN NUYS,VALLEY BUREAU,VALLEY BUREAU
984,984,9A89,9A83,VAN NUYS,VAN NUYS,VALLEY BUREAU,VALLEY BUREAU
986,985,9A89,9A89,VAN NUYS,VAN NUYS,VALLEY BUREAU,VALLEY BUREAU
988,989,9A89,9A89,VAN NUYS,VAN NUYS,VALLEY BUREAU,VALLEY BUREAU
995,991,9A89,9A83,VAN NUYS,VAN NUYS,VALLEY BUREAU,VALLEY BUREAU
998,994,9A89,9A89,VAN NUYS,VAN NUYS,VALLEY BUREAU,VALLEY BUREAU
999,998,9A89,9A89,VAN NUYS,VAN NUYS,VALLEY BUREAU,VALLEY BUREAU
1008,1001,10A3,10A27,WEST VALLEY,WEST VALLEY,VALLEY BUREAU,VALLEY BUREAU
1009,1003,10A3,10A27,WEST VALLEY,WEST VALLEY,VALLEY BUREAU,VALLEY BUREAU
1016,1004,10A3,10A27,WEST VALLEY,WEST VALLEY,VALLEY BUREAU,VALLEY BUREAU
1017,1005,10A3,10A27,WEST VALLEY,WEST VALLEY,VALLEY BUREAU,VALLEY BUREAU
901,1006,10A17,9A11,WEST VALLEY,VAN NUYS,VALLEY BUREAU,VALLEY BUREAU
911,1007,10A17,9A11,WEST VALLEY,VAN NUYS,VALLEY BUREAU,VALLEY BUREAU
922,1008,10A39,9A11,WEST VALLEY,VAN NUYS,VALLEY BUREAU,VALLEY BUREAU
902,1009,10A39,9A35,WEST VALLEY,VAN NUYS,VALLEY BUREAU,VALLEY BUREAU
1026,1011,10A3,10A27,WEST VALLEY,WEST VALLEY,VALLEY BUREAU,VALLEY BUREAU
1027,1012,10A3,10A27,WEST VALLEY,WEST VALLEY,VALLEY BUREAU,VALLEY BUREAU
1028,1015,10A3,10A27,WEST VALLEY,WEST VALLEY,VALLEY BUREAU,VALLEY BUREAU
921,1017,10A17,9A11,WEST VALLEY,VAN NUYS,VALLEY BUREAU,VALLEY BUREAU
932,1018,10A39,9A35,WEST VALLEY,VAN NUYS,VALLEY BUREAU,VALLEY BUREAU
934,1019,10A39,9A35,WEST VALLEY,VAN NUYS,VALLEY BUREAU,VALLEY BUREAU
1035,1021,10A21,10A47,WEST VALLEY,WEST VALLEY,VALLEY BUREAU,VALLEY BUREAU
1036,1023,10A21,10A47,WEST VALLEY,WEST VALLEY,VALLEY BUREAU,VALLEY BUREAU
1037,1024,10A21,10A47,WEST VALLEY,WEST VALLEY,VALLEY BUREAU,VALLEY BUREAU
1038,1025,10A21,10A47,WEST VALLEY,WEST VALLEY,VALLEY BUREAU,VALLEY BUREAU
931,1027,10A17,9A11,WEST VALLEY,VAN NUYS,VALLEY BUREAU,VALLEY BUREAU
941,1028,10A17,9A11,WEST VALLEY,VAN NUYS,VALLEY BUREAU,VALLEY BUREAU
942,1029,10A39,9A35,WEST VALLEY,VAN NUYS,VALLEY BUREAU,VALLEY BUREAU
1045,1031,10A21,10A67,WEST VALLEY,WEST VALLEY,VALLEY BUREAU,VALLEY BUREAU
1046,1033,10A21,10A67,WEST VALLEY,WEST VALLEY,VALLEY BUREAU,VALLEY BUREAU
1049,1034,10A21,10A47,WEST VALLEY,WEST VALLEY,VALLEY BUREAU,VALLEY BUREAU
1047,1035,10A21,10A47,WEST VALLEY,WEST VALLEY,VALLEY BUREAU,VALLEY BUREAU
951,1037,10A17,9A11,WEST VALLEY,VAN NUYS,VALLEY BUREAU,VALLEY BUREAU
952,1039,10A39,9A35,WEST VALLEY,VAN NUYS,VALLEY BUREAU,VALLEY BUREAU
1066,1041,10A83,10A67,WEST VALLEY,WEST VALLEY,VALLEY BUREAU,VALLEY BUREAU
1048,1043,10A83,10A67,WEST VALLEY,WEST VALLEY,VALLEY BUREAU,VALLEY BUREAU
1067,1044,10A83,10A67,WEST VALLEY,WEST VALLEY,VALLEY BUREAU,VALLEY BUREAU
1068,1045,10A83,10A67,WEST VALLEY,WEST VALLEY,VALLEY BUREAU,VALLEY BUREAU
1059,1047,10A17,10A87,WEST VALLEY,WEST VALLEY,VALLEY BUREAU,VALLEY BUREAU
961,1049,10A17,9A11,WEST VALLEY,VAN NUYS,VALLEY BUREAU,VALLEY BUREAU
1084,1061,10A83,10A67,WEST VALLEY,WEST VALLEY,VALLEY BUREAU,VALLEY BUREAU
1085,1063,10A83,10A67,WEST VALLEY,WEST VALLEY,VALLEY BUREAU,VALLEY BUREAU
1076,1065,10A99,10A67,WEST VALLEY,WEST VALLEY,VALLEY BUREAU,VALLEY BUREAU
1077,1067,10A99,10A87,WEST VALLEY,WEST VALLEY,VALLEY BUREAU,VALLEY BUREAU
1069,1068,10A99,10A87,WEST VALLEY,WEST VALLEY,VALLEY BUREAU,VALLEY BUREAU
1086,1075,10A99,10A67,WEST VALLEY,WEST VALLEY,VALLEY BUREAU,VALLEY BUREAU
1087,1077,10A99,10A87,WEST VALLEY,WEST VALLEY,VALLEY BUREAU,VALLEY BUREAU
1078,1078,10A99,10A87,WEST VALLEY,WEST VALLEY,VALLEY BUREAU,VALLEY BUREAU
1079,1079,10A99,10A87,WEST VALLEY,WEST VALLEY,VALLEY BUREAU,VALLEY BUREAU
1095,1083,10A83,10A67,WEST VALLEY,WEST VALLEY,VALLEY BUREAU,VALLEY BUREAU
1088,1088,10A99,10A87,WEST VALLEY,WEST VALLEY,VALLEY BUREAU,VALLEY BUREAU
1089,1089,10A99,10A87,WEST VALLEY,WEST VALLEY,VALLEY BUREAU,VALLEY BUREAU
1094,1091,10A83,10A67,WEST VALLEY,WEST VALLEY,VALLEY BUREAU,VALLEY BUREAU
1096,1094,10A83,10A67,WEST VALLEY,WEST VALLEY,VALLEY BUREAU,VALLEY BUREAU
1097,1097,10A99,10A87,WEST VALLEY,WEST VALLEY,VALLEY BUREAU,VALLEY BUREAU
1098,1098,10A99,10A87,WEST VALLEY,WEST VALLEY,VALLEY BUREAU,VALLEY BUREAU
1099,1099,10A99,10A87,WEST VALLEY,WEST VALLEY,VALLEY BUREAU,VALLEY BUREAU
1101,1101,11A1,11A1,NORTHEAST,NORTHEAST,CENTRAL BUREAU,CENTRAL BUREAU
1102,1102,11A1,11A1,NORTHEAST,NORTHEAST,CENTRAL BUREAU,CENTRAL BUREAU
1105,1105,11A19,11A19,NORTHEAST,NORTHEAST,CENTRAL BUREAU,CENTRAL BUREAU
1107,1107,11A25,11A25,NORTHEAST,NORTHEAST,CENTRAL BUREAU,CENTRAL BUREAU
1109,1109,11A19,11A19,NORTHEAST,NORTHEAST,CENTRAL BUREAU,CENTRAL BUREAU
1112,1112,11A19,11A19,NORTHEAST,NORTHEAST,CENTRAL BUREAU,CENTRAL BUREAU
1113,1113,11A19,11A19,NORTHEAST,NORTHEAST,CENTRAL BUREAU,CENTRAL BUREAU
1115,1115,11A19,11A19,NORTHEAST,NORTHEAST,CENTRAL BUREAU,CENTRAL BUREAU
1116,1116,11A37,11A37,NORTHEAST,NORTHEAST,CENTRAL BUREAU,CENTRAL BUREAU
1117,1117,11A19,11A19,NORTHEAST,NORTHEAST,CENTRAL BUREAU,CENTRAL BUREAU
1118,1118,11A37,11A37,NORTHEAST,NORTHEAST,CENTRAL BUREAU,CENTRAL BUREAU
1119,1119,11A19,11A19,NORTHEAST,NORTHEAST,CENTRAL BUREAU,CENTRAL BUREAU
1122,1122,11A1,11A1,NORTHEAST,NORTHEAST,CENTRAL BUREAU,CENTRAL BUREAU
1123,1123,11A1,11A1,NORTHEAST,NORTHEAST,CENTRAL BUREAU,CENTRAL BUREAU
1124,1124,11A89,11A89,NORTHEAST,NORTHEAST,CENTRAL BUREAU,CENTRAL BUREAU
1125,1125,11A25,11A25,NORTHEAST,NORTHEAST,CENTRAL BUREAU,CENTRAL BUREAU
1126,1126,11A25,11A25,NORTHEAST,NORTHEAST,CENTRAL BUREAU,CENTRAL BUREAU
1127,1127,11A25,11A25,NORTHEAST,NORTHEAST,CENTRAL BUREAU,CENTRAL BUREAU
1128,1128,11A25,11A25,NORTHEAST,NORTHEAST,CENTRAL BUREAU,CENTRAL BUREAU
1129,1129,11A25,11A25,NORTHEAST,NORTHEAST,CENTRAL BUREAU,CENTRAL BUREAU
1132,1132,11A1,11A1,NORTHEAST,NORTHEAST,CENTRAL BUREAU,CENTRAL BUREAU
1133,1133,11A1,11A1,NORTHEAST,NORTHEAST,CENTRAL BUREAU,CENTRAL BUREAU
1134,1134,11A89,11A89,NORTHEAST,NORTHEAST,CENTRAL BUREAU,CENTRAL BUREAU
1135,1135,11A89,11A89,NORTHEAST,NORTHEAST,CENTRAL BUREAU,CENTRAL BUREAU
1136,1136,11A19,11A19,NORTHEAST,NORTHEAST,CENTRAL BUREAU,CENTRAL BUREAU
1137,1137,11A37,11A37,NORTHEAST,NORTHEAST,CENTRAL BUREAU,CENTRAL BUREAU
1138,1138,11A37,11A37,NORTHEAST,NORTHEAST,CENTRAL BUREAU,CENTRAL BUREAU
1139,1139,11A37,11A37,NORTHEAST,NORTHEAST,CENTRAL BUREAU,CENTRAL BUREAU
1141,1141,11A1,11A1,NORTHEAST,NORTHEAST,CENTRAL BUREAU,CENTRAL BUREAU
1142,1142,11A1,11A1,NORTHEAST,NORTHEAST,CENTRAL BUREAU,CENTRAL BUREAU
1143,1143,11A71,11A71,NORTHEAST,NORTHEAST,CENTRAL BUREAU,CENTRAL BUREAU
1144,1144,11A71,11A71,NORTHEAST,NORTHEAST,CENTRAL BUREAU,CENTRAL BUREAU
1145,1145,11A71,11A71,NORTHEAST,NORTHEAST,CENTRAL BUREAU,CENTRAL BUREAU
1146,1146,11A95,11A95,NORTHEAST,NORTHEAST,CENTRAL BUREAU,CENTRAL BUREAU
1147,1147,11A89,11A89,NORTHEAST,NORTHEAST,CENTRAL BUREAU,CENTRAL BUREAU
1148,1148,11A37,11A37,NORTHEAST,NORTHEAST,CENTRAL BUREAU,CENTRAL BUREAU
1149,1149,11A37,11A37,NORTHEAST,NORTHEAST,CENTRAL BUREAU,CENTRAL BUREAU
1151,1151,11A51,11A51,NORTHEAST,NORTHEAST,CENTRAL BUREAU,CENTRAL BUREAU
1152,1152,11A51,11A51,NORTHEAST,NORTHEAST,CENTRAL BUREAU,CENTRAL BUREAU
1153,1153,11A1,11A1,NORTHEAST,NORTHEAST,CENTRAL BUREAU,CENTRAL BUREAU
1157,1157,11A1,11A1,NORTHEAST,NORTHEAST,CENTRAL BUREAU,CENTRAL BUREAU
1158,1158,11A89,11A89,NORTHEAST,NORTHEAST,CENTRAL BUREAU,CENTRAL BUREAU
1159,1159,11A37,11A37,NORTHEAST,NORTHEAST,CENTRAL BUREAU,CENTRAL BUREAU
1161,1161,11A51,11A51,NORTHEAST,NORTHEAST,CENTRAL BUREAU,CENTRAL BUREAU
1162,1162,11A51,11A51,NORTHEAST,NORTHEAST,CENTRAL BUREAU,CENTRAL BUREAU
1163,1163,11A51,11A51,NORTHEAST,NORTHEAST,CENTRAL BUREAU,CENTRAL BUREAU
1169,1169,11A37,11A37,NORTHEAST,NORTHEAST,CENTRAL BUREAU,CENTRAL BUREAU
1171,1171,11A71,11A71,NORTHEAST,NORTHEAST,CENTRAL BUREAU,CENTRAL BUREAU
1172,1172,11A71,11A71,NORTHEAST,NORTHEAST,CENTRAL BUREAU,CENTRAL BUREAU
1173,1173,11A95,11A95,NORTHEAST,NORTHEAST,CENTRAL BUREAU,CENTRAL BUREAU
1174,1174,11A95,11A95,NORTHEAST,NORTHEAST,CENTRAL BUREAU,CENTRAL BUREAU
1175,1175,11A95,11A95,NORTHEAST,NORTHEAST,CENTRAL BUREAU,CENTRAL BUREAU
1176,1176,11A95,11A95,NORTHEAST,NORTHEAST,CENTRAL BUREAU,CENTRAL BUREAU
1177,1177,11A89,11A89,NORTHEAST,NORTHEAST,CENTRAL BUREAU,CENTRAL BUREAU
1178,1178,11A89,11A89,NORTHEAST,NORTHEAST,CENTRAL BUREAU,CENTRAL BUREAU
1179,1179,11A89,11A89,NORTHEAST,NORTHEAST,CENTRAL BUREAU,CENTRAL BUREAU
1181,1181,11A71,11A71,NORTHEAST,NORTHEAST,CENTRAL BUREAU,CENTRAL BUREAU
1183,1183,11A95,11A95,NORTHEAST,NORTHEAST,CENTRAL BUREAU,CENTRAL BUREAU
1184,1184,11A95,11A95,NORTHEAST,NORTHEAST,CENTRAL BUREAU,CENTRAL BUREAU
1185,1185,11A95,11A95,NORTHEAST,NORTHEAST,CENTRAL BUREAU,CENTRAL BUREAU
1186,1186,11A95,11A95,NORTHEAST,NORTHEAST,CENTRAL BUREAU,CENTRAL BUREAU
1189,1189,11A89,11A89,NORTHEAST,NORTHEAST,CENTRAL BUREAU,CENTRAL BUREAU
1195,1195,11A95,11A95,NORTHEAST,NORTHEAST,CENTRAL BUREAU,CENTRAL BUREAU
1199,1199,11A95,11A95,NORTHEAST,NORTHEAST,CENTRAL BUREAU,CENTRAL BUREAU
1203,1203,12A3,12A3,77TH STREET,77TH STREET,SOUTH BUREAU,SOUTH BUREAU
1204,1204,12A3,12A3,77TH STREET,77TH STREET,SOUTH BUREAU,SOUTH BUREAU
1205,1205,12A3,12A3,77TH STREET,77TH STREET,SOUTH BUREAU,SOUTH BUREAU
1207,1207,12A15,12A15,77TH STREET,77TH STREET,SOUTH BUREAU,SOUTH BUREAU
1208,1208,12A15,12A15,77TH STREET,77TH STREET,SOUTH BUREAU,SOUTH BUREAU
1209,1209,12A15,12A15,77TH STREET,77TH STREET,SOUTH BUREAU,SOUTH BUREAU
1211,1211,12A31,12A31,77TH STREET,77TH STREET,SOUTH BUREAU,SOUTH BUREAU
1213,1213,12A3,12A3,77TH STREET,77TH STREET,SOUTH BUREAU,SOUTH BUREAU
1215,1215,12A15,12A15,77TH STREET,77TH STREET,SOUTH BUREAU,SOUTH BUREAU
1218,1218,12A15,12A15,77TH STREET,77TH STREET,SOUTH BUREAU,SOUTH BUREAU
1219,1219,12A15,12A15,77TH STREET,77TH STREET,SOUTH BUREAU,SOUTH BUREAU
1231,1231,12A31,12A31,77TH STREET,77TH STREET,SOUTH BUREAU,SOUTH BUREAU
1232,1232,12A31,12A31,77TH STREET,77TH STREET,SOUTH BUREAU,SOUTH BUREAU
1233,1233,12A45,12A45,77TH STREET,77TH STREET,SOUTH BUREAU,SOUTH BUREAU
1235,1235,12A45,12A45,77TH STREET,77TH STREET,SOUTH BUREAU,SOUTH BUREAU
1239,1239,12A49,12A49,77TH STREET,77TH STREET,SOUTH BUREAU,SOUTH BUREAU
1241,1241,12A51,12A51,77TH STREET,77TH STREET,SOUTH BUREAU,SOUTH BUREAU
1242,1242,12A51,12A51,77TH STREET,77TH STREET,SOUTH BUREAU,SOUTH BUREAU
1243,1243,12A45,12A45,77TH STREET,77TH STREET,SOUTH BUREAU,SOUTH BUREAU
1245,1245,12A45,12A45,77TH STREET,77TH STREET,SOUTH BUREAU,SOUTH BUREAU
1248,1248,12A49,12A49,77TH STREET,77TH STREET,SOUTH BUREAU,SOUTH BUREAU
1249,1249,12A49,12A49,77TH STREET,77TH STREET,SOUTH BUREAU,SOUTH BUREAU
1251,1251,12A51,12A51,77TH STREET,77TH STREET,SOUTH BUREAU,SOUTH BUREAU
1252,1252,12A51,12A51,77TH STREET,77TH STREET,SOUTH BUREAU,SOUTH BUREAU
1253,1253,12A53,12A53,77TH STREET,77TH STREET,SOUTH BUREAU,SOUTH BUREAU
1255,1255,12A53,12A53,77TH STREET,77TH STREET,SOUTH BUREAU,SOUTH BUREAU
1256,1256,12A58,12A58,77TH STREET,77TH STREET,SOUTH BUREAU,SOUTH BUREAU
1257,1257,12A53,12A53,77TH STREET,77TH STREET,SOUTH BUREAU,SOUTH BUREAU
1258,1258,12A58,12A58,77TH STREET,77TH STREET,SOUTH BUREAU,SOUTH BUREAU
1259,1259,12A69,12A69,77TH STREET,77TH STREET,SOUTH BUREAU,SOUTH BUREAU
1263,1263,12A53,12A53,77TH STREET,77TH STREET,SOUTH BUREAU,SOUTH BUREAU
1265,1265,12A53,12A53,77TH STREET,77TH STREET,SOUTH BUREAU,SOUTH BUREAU
1266,1266,12A66,12A66,77TH STREET,77TH STREET,SOUTH BUREAU,SOUTH BUREAU
1267,1267,12A53,12A53,77TH STREET,77TH STREET,SOUTH BUREAU,SOUTH BUREAU
1268,1268,12A66,12A66,77TH STREET,77TH STREET,SOUTH BUREAU,SOUTH BUREAU
1269,1269,12A69,12A69,77TH STREET,77TH STREET,SOUTH BUREAU,SOUTH BUREAU
1273,1273,12A73,12A73,77TH STREET,77TH STREET,SOUTH BUREAU,SOUTH BUREAU
1283,1283,12A73,12A73,77TH STREET,77TH STREET,SOUTH BUREAU,SOUTH BUREAU
1293,1293,12A73,12A73,77TH STREET,77TH STREET,SOUTH BUREAU,SOUTH BUREAU
1303,1303,13A13,13A13,NEWTON,NEWTON,CENTRAL BUREAU,CENTRAL BUREAU
1307,1307,13A9,13A9,NEWTON,NEWTON,CENTRAL BUREAU,CENTRAL BUREAU
1309,1309,13A9,13A9,NEWTON,NEWTON,CENTRAL BUREAU,CENTRAL BUREAU
1311,1311,13A13,13A13,NEWTON,NEWTON,CENTRAL BUREAU,CENTRAL BUREAU
1313,1313,13A13,13A13,NEWTON,NEWTON,CENTRAL BUREAU,CENTRAL BUREAU
1317,1317,13A9,13A9,NEWTON,NEWTON,CENTRAL BUREAU,CENTRAL BUREAU
1321,1321,13A13,13A13,NEWTON,NEWTON,CENTRAL BUREAU,CENTRAL BUREAU
1322,1322,13A13,13A13,NEWTON,NEWTON,CENTRAL BUREAU,CENTRAL BUREAU
1323,1323,13A13,13A13,NEWTON,NEWTON,CENTRAL BUREAU,CENTRAL BUREAU
1324,1324,13A27,13A27,NEWTON,NEWTON,CENTRAL BUREAU,CENTRAL BUREAU
1325,1325,13A27,13A27,NEWTON,NEWTON,CENTRAL BUREAU,CENTRAL BUREAU
1326,1326,13A27,13A27,NEWTON,NEWTON,CENTRAL BUREAU,CENTRAL BUREAU
1327,1327,13A27,13A27,NEWTON,NEWTON,CENTRAL BUREAU,CENTRAL BUREAU
1331,1331,13A41,13A41,NEWTON,NEWTON,CENTRAL BUREAU,CENTRAL BUREAU
1333,1333,13A43,13A43,NEWTON,NEWTON,CENTRAL BUREAU,CENTRAL BUREAU
1341,1341,13A41,13A41,NEWTON,NEWTON,CENTRAL BUREAU,CENTRAL BUREAU
1342,1342,13A41,13A41,NEWTON,NEWTON,CENTRAL BUREAU,CENTRAL BUREAU
1343,1343,13A43,13A43,NEWTON,NEWTON,CENTRAL BUREAU,CENTRAL BUREAU
1344,1344,13A43,13A43,NEWTON,NEWTON,CENTRAL BUREAU,CENTRAL BUREAU
1345,1345,13A27,13A27,NEWTON,NEWTON,CENTRAL BUREAU,CENTRAL BUREAU
1346,1346,13A27,13A27,NEWTON,NEWTON,CENTRAL BUREAU,CENTRAL BUREAU
1347,1347,13A27,13A27,NEWTON,NEWTON,CENTRAL BUREAU,CENTRAL BUREAU
1351,1351,13A41,13A41,NEWTON,NEWTON,CENTRAL BUREAU,CENTRAL BUREAU
1352,1352,13A61,13A61,NEWTON,NEWTON,CENTRAL BUREAU,CENTRAL BUREAU
1353,1353,13A43,13A43,NEWTON,NEWTON,CENTRAL BUREAU,CENTRAL BUREAU
1354,1354,13A41,13A41,NEWTON,NEWTON,CENTRAL BUREAU,CENTRAL BUREAU
1361,1361,13A61,13A61,NEWTON,NEWTON,CENTRAL BUREAU,CENTRAL BUREAU
1362,1362,13A61,13A61,NEWTON,NEWTON,CENTRAL BUREAU,CENTRAL BUREAU
1363,1363,13A61,13A61,NEWTON,NEWTON,CENTRAL BUREAU,CENTRAL BUREAU
1364,1364,13A75,13A75,NEWTON,NEWTON,CENTRAL BUREAU,CENTRAL BUREAU
1365,1365,13A75,13A75,NEWTON,NEWTON,CENTRAL BUREAU,CENTRAL BUREAU
1367,1367,13A75,13A75,NEWTON,NEWTON,CENTRAL BUREAU,CENTRAL BUREAU
1371,1371,13A85,13A85,NEWTON,NEWTON,CENTRAL BUREAU,CENTRAL BUREAU
1372,1372,13A85,13A85,NEWTON,NEWTON,CENTRAL BUREAU,CENTRAL BUREAU
1373,1373,13A85,13A85,NEWTON,NEWTON,CENTRAL BUREAU,CENTRAL BUREAU
1375,1375,13A75,13A75,NEWTON,NEWTON,CENTRAL BUREAU,CENTRAL BUREAU
1377,1377,13A75,13A75,NEWTON,NEWTON,CENTRAL BUREAU,CENTRAL BUREAU
1381,1381,13A93,13A93,NEWTON,NEWTON,CENTRAL BUREAU,CENTRAL BUREAU
1383,1383,13A93,13A93,NEWTON,NEWTON,CENTRAL BUREAU,CENTRAL BUREAU
1385,1385,13A85,13A85,NEWTON,NEWTON,CENTRAL BUREAU,CENTRAL BUREAU
1391,1391,13A93,13A93,NEWTON,NEWTON,CENTRAL BUREAU,CENTRAL BUREAU
1393,1393,13A93,13A93,NEWTON,NEWTON,CENTRAL BUREAU,CENTRAL BUREAU
1394,1394,13A93,13A93,NEWTON,NEWTON,CENTRAL BUREAU,CENTRAL BUREAU
1395,1395,13A93,13A93,NEWTON,NEWTON,CENTRAL BUREAU,CENTRAL BUREAU
1401,1401,14A25,14A25,PACIFIC,PACIFIC,WEST BUREAU,WEST BUREAU
1402,1402,14A25,14A25,PACIFIC,PACIFIC,WEST BUREAU,WEST BUREAU
1403,1403,14A27,14A27,PACIFIC,PACIFIC,WEST BUREAU,WEST BUREAU
1405,1405,14A27,14A27,PACIFIC,PACIFIC,WEST BUREAU,WEST BUREAU
1406,1406,14A27,14A27,PACIFIC,PACIFIC,WEST BUREAU,WEST BUREAU
1407,1407,14A27,14A27,PACIFIC,PACIFIC,WEST BUREAU,WEST BUREAU
1408,1408,14A27,14A27,PACIFIC,PACIFIC,WEST BUREAU,WEST BUREAU
1409,1409,14A27,14A27,PACIFIC,PACIFIC,WEST BUREAU,WEST BUREAU
1411,1411,14A11,14A11,PACIFIC,PACIFIC,WEST BUREAU,WEST BUREAU
1412,1412,14A11,14A11,PACIFIC,PACIFIC,WEST BUREAU,WEST BUREAU
1413,1413,14A13,14A13,PACIFIC,PACIFIC,WEST BUREAU,WEST BUREAU
1414,1414,14A13,14A13,PACIFIC,PACIFIC,WEST BUREAU,WEST BUREAU
1415,1415,14A25,14A25,PACIFIC,PACIFIC,WEST BUREAU,WEST BUREAU
1416,1416,14A25,14A25,PACIFIC,PACIFIC,WEST BUREAU,WEST BUREAU
1424,1424,14A25,14A25,PACIFIC,PACIFIC,WEST BUREAU,WEST BUREAU
1425,1425,14A25,14A25,PACIFIC,PACIFIC,WEST BUREAU,WEST BUREAU
1426,1426,14A25,14A25,PACIFIC,PACIFIC,WEST BUREAU,WEST BUREAU
1427,1427,14A27,14A27,PACIFIC,PACIFIC,WEST BUREAU,WEST BUREAU
1428,1428,14A27,14A27,PACIFIC,PACIFIC,WEST BUREAU,WEST BUREAU
1431,1431,14A11,14A11,PACIFIC,PACIFIC,WEST BUREAU,WEST BUREAU
1432,1432,14A13,14A13,PACIFIC,PACIFIC,WEST BUREAU,WEST BUREAU
1433,1433,14A25,14A25,PACIFIC,PACIFIC,WEST BUREAU,WEST BUREAU
1434,1434,14A25,14A25,PACIFIC,PACIFIC,WEST BUREAU,WEST BUREAU
1435,1435,14A25,14A25,PACIFIC,PACIFIC,WEST BUREAU,WEST BUREAU
1436,1436,14A25,14A25,PACIFIC,PACIFIC,WEST BUREAU,WEST BUREAU
1437,1437,14A27,14A27,PACIFIC,PACIFIC,WEST BUREAU,WEST BUREAU
1438,1438,14A27,14A27,PACIFIC,PACIFIC,WEST BUREAU,WEST BUREAU
1441,1441,14A11,14A11,PACIFIC,PACIFIC,WEST BUREAU,WEST BUREAU
1443,1443,14A45,14A45,PACIFIC,PACIFIC,WEST BUREAU,WEST BUREAU
1444,1444,14A45,14A45,PACIFIC,PACIFIC,WEST BUREAU,WEST BUREAU
1445,1445,14A45,14A45,PACIFIC,PACIFIC,WEST BUREAU,WEST BUREAU
1446,1446,14A49,14A49,PACIFIC,PACIFIC,WEST BUREAU,WEST BUREAU
1449,1449,14A49,14A49,PACIFIC,PACIFIC,WEST BUREAU,WEST BUREAU
1451,1451,14A11,14A11,PACIFIC,PACIFIC,WEST BUREAU,WEST BUREAU
1452,1452,14A11,14A11,PACIFIC,PACIFIC,WEST BUREAU,WEST BUREAU
1453,1453,14A45,14A45,PACIFIC,PACIFIC,WEST BUREAU,WEST BUREAU
1454,1454,14A45,14A45,PACIFIC,PACIFIC,WEST BUREAU,WEST BUREAU
1455,1455,14A45,14A45,PACIFIC,PACIFIC,WEST BUREAU,WEST BUREAU
1456,1456,14A49,14A49,PACIFIC,PACIFIC,WEST BUREAU,WEST BUREAU
1457,1457,14A49,14A49,PACIFIC,PACIFIC,WEST BUREAU,WEST BUREAU
1458,1458,14A49,14A49,PACIFIC,PACIFIC,WEST BUREAU,WEST BUREAU
1459,1459,14A49,14A49,PACIFIC,PACIFIC,WEST BUREAU,WEST BUREAU
1462,1462,14A45,14A45,PACIFIC,PACIFIC,WEST BUREAU,WEST BUREAU
1463,1463,14A45,14A45,PACIFIC,PACIFIC,WEST BUREAU,WEST BUREAU
1464,1464,14A45,14A45,PACIFIC,PACIFIC,WEST BUREAU,WEST BUREAU
1465,1465,14A49,14A49,PACIFIC,PACIFIC,WEST BUREAU,WEST BUREAU
1466,1466,14A73,14A73,PACIFIC,PACIFIC,WEST BUREAU,WEST BUREAU
1467,1467,14A67,14A67,PACIFIC,PACIFIC,WEST BUREAU,WEST BUREAU
1468,1468,14A49,14A49,PACIFIC,PACIFIC,WEST BUREAU,WEST BUREAU
1469,1469,14A67,14A67,PACIFIC,PACIFIC,WEST BUREAU,WEST BUREAU
1471,1471,14A73,14A73,PACIFIC,PACIFIC,WEST BUREAU,WEST BUREAU
1472,1472,14A73,14A73,PACIFIC,PACIFIC,WEST BUREAU,WEST BUREAU
1473,1473,14A73,14A73,PACIFIC,PACIFIC,WEST BUREAU,WEST BUREAU
1474,1474,14A73,14A73,PACIFIC,PACIFIC,WEST BUREAU,WEST BUREAU
1475,1475,14A73,14A73,PACIFIC,PACIFIC,WEST BUREAU,WEST BUREAU
1476,1476,14A73,14A73,PACIFIC,PACIFIC,WEST BUREAU,WEST BUREAU
1477,1477,14A67,14A67,PACIFIC,PACIFIC,WEST BUREAU,WEST BUREAU
1479,1479,14A67,14A67,PACIFIC,PACIFIC,WEST BUREAU,WEST BUREAU
1483,1483,14A73,14A73,PACIFIC,PACIFIC,WEST BUREAU,WEST BUREAU
1484,1484,14A73,14A73,PACIFIC,PACIFIC,WEST BUREAU,WEST BUREAU
1485,1485,14A73,14A73,PACIFIC,PACIFIC,WEST BUREAU,WEST BUREAU
1486,1486,14A73,14A73,PACIFIC,PACIFIC,WEST BUREAU,WEST BUREAU
1487,1487,14A67,14A67,PACIFIC,PACIFIC,WEST BUREAU,WEST BUREAU
1488,1488,14A67,14A67,PACIFIC,PACIFIC,WEST BUREAU,WEST BUREAU
1489,1489,14A67,14A67,PACIFIC,PACIFIC,WEST BUREAU,WEST BUREAU
1491,1491,14A73,14A73,PACIFIC,PACIFIC,WEST BUREAU,WEST BUREAU
1492,1492,14A73,14A73,PACIFIC,PACIFIC,WEST BUREAU,WEST BUREAU
1493,1493,14A73,14A73,PACIFIC,PACIFIC,WEST BUREAU,WEST BUREAU
1494,1494,LAX,LAX,PACIFIC,PACIFIC,WEST BUREAU,WEST BUREAU
1495,1495,14A67,14A67,PACIFIC,PACIFIC,WEST BUREAU,WEST BUREAU
1496,1496,14A67,14A67,PACIFIC,PACIFIC,WEST BUREAU,WEST BUREAU
1497,1497,14A67,14A67,PACIFIC,PACIFIC,WEST BUREAU,WEST BUREAU
1498,1498,14A67,14A67,PACIFIC,PACIFIC,WEST BUREAU,WEST BUREAU
1499,1499,14A67,14A67,PACIFIC,PACIFIC,WEST BUREAU,WEST BUREAU
1511,1501,15A21,15A21,NORTH HOLLYWOOD,NORTH HOLLYWOOD,VALLEY BUREAU,VALLEY BUREAU
1512,1502,15A21,15A21,NORTH HOLLYWOOD,NORTH HOLLYWOOD,VALLEY BUREAU,VALLEY BUREAU
1513,1503,15A3,15A13,NORTH HOLLYWOOD,NORTH HOLLYWOOD,VALLEY BUREAU,VALLEY BUREAU
1535,1504,15A3,15A13,NORTH HOLLYWOOD,NORTH HOLLYWOOD,VALLEY BUREAU,VALLEY BUREAU
1516,1505,15A3,15A13,NORTH HOLLYWOOD,NORTH HOLLYWOOD,VALLEY BUREAU,VALLEY BUREAU
1518,1506,15A3,15A13,NORTH HOLLYWOOD,NORTH HOLLYWOOD,VALLEY BUREAU,VALLEY BUREAU
1517,1508,15A3,15A13,NORTH HOLLYWOOD,NORTH HOLLYWOOD,VALLEY BUREAU,VALLEY BUREAU
1519,1509,15A3,15A13,NORTH HOLLYWOOD,NORTH HOLLYWOOD,VALLEY BUREAU,VALLEY BUREAU
1521,1511,15A21,15A21,NORTH HOLLYWOOD,NORTH HOLLYWOOD,VALLEY BUREAU,VALLEY BUREAU
1523,1512,15A21,15A21,NORTH HOLLYWOOD,NORTH HOLLYWOOD,VALLEY BUREAU,VALLEY BUREAU
1525,1513,15A21,15A21,NORTH HOLLYWOOD,NORTH HOLLYWOOD,VALLEY BUREAU,VALLEY BUREAU
1554,1514,15A3,15A13,NORTH HOLLYWOOD,NORTH HOLLYWOOD,VALLEY BUREAU,VALLEY BUREAU
1514,1515,15A3,15A13,NORTH HOLLYWOOD,NORTH HOLLYWOOD,VALLEY BUREAU,VALLEY BUREAU
1515,1516,15A27,15A27,NORTH HOLLYWOOD,NORTH HOLLYWOOD,VALLEY BUREAU,VALLEY BUREAU
1563,1517,15A27,15A27,NORTH HOLLYWOOD,NORTH HOLLYWOOD,VALLEY BUREAU,VALLEY BUREAU
1564,1519,15A27,15A27,NORTH HOLLYWOOD,NORTH HOLLYWOOD,VALLEY BUREAU,VALLEY BUREAU
1522,1521,15A21,15A21,NORTH HOLLYWOOD,NORTH HOLLYWOOD,VALLEY BUREAU,VALLEY BUREAU
1551,1522,15A21,15A21,NORTH HOLLYWOOD,NORTH HOLLYWOOD,VALLEY BUREAU,VALLEY BUREAU
1534,1523,15A33,15A33,NORTH HOLLYWOOD,NORTH HOLLYWOOD,VALLEY BUREAU,VALLEY BUREAU
1524,1524,15A33,15A33,NORTH HOLLYWOOD,NORTH HOLLYWOOD,VALLEY BUREAU,VALLEY BUREAU
1526,1525,15A33,15A33,NORTH HOLLYWOOD,NORTH HOLLYWOOD,VALLEY BUREAU,VALLEY BUREAU
1527,1526,15A27,15A27,NORTH HOLLYWOOD,NORTH HOLLYWOOD,VALLEY BUREAU,VALLEY BUREAU
1528,1527,15A27,15A27,NORTH HOLLYWOOD,NORTH HOLLYWOOD,VALLEY BUREAU,VALLEY BUREAU
1529,1529,15A27,15A27,NORTH HOLLYWOOD,NORTH HOLLYWOOD,VALLEY BUREAU,VALLEY BUREAU
1531,1531,15A43,15A43,NORTH HOLLYWOOD,NORTH HOLLYWOOD,VALLEY BUREAU,VALLEY BUREAU
1532,1532,15A33,15A33,NORTH HOLLYWOOD,NORTH HOLLYWOOD,VALLEY BUREAU,VALLEY BUREAU
1533,1533,15A33,15A33,NORTH HOLLYWOOD,NORTH HOLLYWOOD,VALLEY BUREAU,VALLEY BUREAU
1537,1535,15A39,15A39,NORTH HOLLYWOOD,NORTH HOLLYWOOD,VALLEY BUREAU,VALLEY BUREAU
1538,1538,15A39,15A39,NORTH HOLLYWOOD,NORTH HOLLYWOOD,VALLEY BUREAU,VALLEY BUREAU
1539,1539,15A39,15A39,NORTH HOLLYWOOD,NORTH HOLLYWOOD,VALLEY BUREAU,VALLEY BUREAU
1542,1541,15A43,15A43,NORTH HOLLYWOOD,NORTH HOLLYWOOD,VALLEY BUREAU,VALLEY BUREAU
1543,1543,15A43,15A43,NORTH HOLLYWOOD,NORTH HOLLYWOOD,VALLEY BUREAU,VALLEY BUREAU
1544,1544,15A43,15A43,NORTH HOLLYWOOD,NORTH HOLLYWOOD,VALLEY BUREAU,VALLEY BUREAU
1545,1545,15A43,15A43,NORTH HOLLYWOOD,NORTH HOLLYWOOD,VALLEY BUREAU,VALLEY BUREAU
1546,1546,15A43,15A43,NORTH HOLLYWOOD,NORTH HOLLYWOOD,VALLEY BUREAU,VALLEY BUREAU
1547,1547,15A39,15A39,NORTH HOLLYWOOD,NORTH HOLLYWOOD,VALLEY BUREAU,VALLEY BUREAU
1548,1548,15A39,15A39,NORTH HOLLYWOOD,NORTH HOLLYWOOD,VALLEY BUREAU,VALLEY BUREAU
1549,1549,15A39,15A39,NORTH HOLLYWOOD,NORTH HOLLYWOOD,VALLEY BUREAU,VALLEY BUREAU
1553,1551,15A43,15A43,NORTH HOLLYWOOD,NORTH HOLLYWOOD,VALLEY BUREAU,VALLEY BUREAU
1555,1553,15A43,15A43,NORTH HOLLYWOOD,NORTH HOLLYWOOD,VALLEY BUREAU,VALLEY BUREAU
1557,1555,15A67,15A67,NORTH HOLLYWOOD,NORTH HOLLYWOOD,VALLEY BUREAU,VALLEY BUREAU
1558,1557,15A67,15A67,NORTH HOLLYWOOD,NORTH HOLLYWOOD,VALLEY BUREAU,VALLEY BUREAU
1559,1559,15A67,15A67,NORTH HOLLYWOOD,NORTH HOLLYWOOD,VALLEY BUREAU,VALLEY BUREAU
1562,1562,15A85,15A85,NORTH HOLLYWOOD,NORTH HOLLYWOOD,VALLEY BUREAU,VALLEY BUREAU
1565,1563,15A85,15A85,NORTH HOLLYWOOD,NORTH HOLLYWOOD,VALLEY BUREAU,VALLEY BUREAU
1566,1565,15A85,15A85,NORTH HOLLYWOOD,NORTH HOLLYWOOD,VALLEY BUREAU,VALLEY BUREAU
1567,1566,15A67,15A67,NORTH HOLLYWOOD,NORTH HOLLYWOOD,VALLEY BUREAU,VALLEY BUREAU
1568,1567,15A67,15A67,NORTH HOLLYWOOD,NORTH HOLLYWOOD,VALLEY BUREAU,VALLEY BUREAU
1569,1569,15A67,15A67,NORTH HOLLYWOOD,NORTH HOLLYWOOD,VALLEY BUREAU,VALLEY BUREAU
1581,1581,15A85,15A85,NORTH HOLLYWOOD,NORTH HOLLYWOOD,VALLEY BUREAU,VALLEY BUREAU
1585,1583,15A85,15A85,NORTH HOLLYWOOD,NORTH HOLLYWOOD,VALLEY BUREAU,VALLEY BUREAU
1586,1585,15A85,15A85,NORTH HOLLYWOOD,NORTH HOLLYWOOD,VALLEY BUREAU,VALLEY BUREAU
1588,1586,15A67,15A67,NORTH HOLLYWOOD,NORTH HOLLYWOOD,VALLEY BUREAU,VALLEY BUREAU
1589,1587,15A67,15A67,NORTH HOLLYWOOD,NORTH HOLLYWOOD,VALLEY BUREAU,VALLEY BUREAU
604,1588,15A67,6A15,NORTH HOLLYWOOD,HOLLYWOOD,VALLEY BUREAU,WEST BUREAU
609,1589,15A67,6A15,NORTH HOLLYWOOD,HOLLYWOOD,VALLEY BUREAU,WEST BUREAU
1592,1591,15A85,15A85,NORTH HOLLYWOOD,NORTH HOLLYWOOD,VALLEY BUREAU,VALLEY BUREAU
1595,1595,15A85,15A85,NORTH HOLLYWOOD,NORTH HOLLYWOOD,VALLEY BUREAU,VALLEY BUREAU
1596,1596,15A85,15A85,NORTH HOLLYWOOD,NORTH HOLLYWOOD,VALLEY BUREAU,VALLEY BUREAU
1599,1599,15A67,15A67,NORTH HOLLYWOOD,NORTH HOLLYWOOD,VALLEY BUREAU,VALLEY BUREAU
1627,1601,16A11,16A37,FOOTHILL,FOOTHILL,VALLEY BUREAU,VALLEY BUREAU
1637,1602,16A11,16A37,FOOTHILL,FOOTHILL,VALLEY BUREAU,VALLEY BUREAU
1639,1603,16A35,16A65,FOOTHILL,FOOTHILL,VALLEY BUREAU,VALLEY BUREAU
1638,1605,16A35,16A65,FOOTHILL,FOOTHILL,VALLEY BUREAU,VALLEY BUREAU
1659,1606,16A35,16A65,FOOTHILL,FOOTHILL,VALLEY BUREAU,VALLEY BUREAU
1666,1608,16A35,16A65,FOOTHILL,FOOTHILL,VALLEY BUREAU,VALLEY BUREAU
1626,1611,16A11,16A37,FOOTHILL,FOOTHILL,VALLEY BUREAU,VALLEY BUREAU
1635,1612,16A11,16A37,FOOTHILL,FOOTHILL,VALLEY BUREAU,VALLEY BUREAU
1636,1613,16A23,16A53,FOOTHILL,FOOTHILL,VALLEY BUREAU,VALLEY BUREAU
1649,1614,16A35,16A65,FOOTHILL,FOOTHILL,VALLEY BUREAU,VALLEY BUREAU
1658,1615,16A35,16A65,FOOTHILL,FOOTHILL,VALLEY BUREAU,VALLEY BUREAU
1667,1617,16A35,16A65,FOOTHILL,FOOTHILL,VALLEY BUREAU,VALLEY BUREAU
1668,1618,16A35,16A65,FOOTHILL,FOOTHILL,VALLEY BUREAU,VALLEY BUREAU
1669,1619,16A59,16A89,FOOTHILL,FOOTHILL,VALLEY BUREAU,VALLEY BUREAU
1633,1621,16A11,16A37,FOOTHILL,FOOTHILL,VALLEY BUREAU,VALLEY BUREAU
1634,1622,16A11,16A37,FOOTHILL,FOOTHILL,VALLEY BUREAU,VALLEY BUREAU
1655,1623,16A23,16A53,FOOTHILL,FOOTHILL,VALLEY BUREAU,VALLEY BUREAU
1657,1633,16A23,16A53,FOOTHILL,FOOTHILL,VALLEY BUREAU,VALLEY BUREAU
1665,1634,16A35,16A65,FOOTHILL,FOOTHILL,VALLEY BUREAU,VALLEY BUREAU
1678,1635,16A35,16A65,FOOTHILL,FOOTHILL,VALLEY BUREAU,VALLEY BUREAU
1685,1636,16A35,16A65,FOOTHILL,FOOTHILL,VALLEY BUREAU,VALLEY BUREAU
1686,1637,16A35,16A65,FOOTHILL,FOOTHILL,VALLEY BUREAU,VALLEY BUREAU
1687,1638,16A59,16A89,FOOTHILL,FOOTHILL,VALLEY BUREAU,VALLEY BUREAU
1679,1639,16A59,16A89,FOOTHILL,FOOTHILL,VALLEY BUREAU,VALLEY BUREAU
1653,1641,16A23,16A53,FOOTHILL,FOOTHILL,VALLEY BUREAU,VALLEY BUREAU
1646,1642,16A23,16A53,FOOTHILL,FOOTHILL,VALLEY BUREAU,VALLEY BUREAU
1654,1643,16A23,16A53,FOOTHILL,FOOTHILL,VALLEY BUREAU,VALLEY BUREAU
1656,1645,16A23,16A53,FOOTHILL,FOOTHILL,VALLEY BUREAU,VALLEY BUREAU
1647,1651,16A23,16A71,FOOTHILL,FOOTHILL,VALLEY BUREAU,VALLEY BUREAU
1663,1653,16A23,16A71,FOOTHILL,FOOTHILL,VALLEY BUREAU,VALLEY BUREAU
1664,1654,16A23,16A53,FOOTHILL,FOOTHILL,VALLEY BUREAU,VALLEY BUREAU
1684,1655,16A35,16A65,FOOTHILL,FOOTHILL,VALLEY BUREAU,VALLEY BUREAU
1693,1656,16A35,16A65,FOOTHILL,FOOTHILL,VALLEY BUREAU,VALLEY BUREAU
1688,1657,16A59,16A89,FOOTHILL,FOOTHILL,VALLEY BUREAU,VALLEY BUREAU
1698,1658,16A59,16A89,FOOTHILL,FOOTHILL,VALLEY BUREAU,VALLEY BUREAU
1689,1659,16A59,16A89,FOOTHILL,FOOTHILL,VALLEY BUREAU,VALLEY BUREAU
1674,1661,16A77,16A71,FOOTHILL,FOOTHILL,VALLEY BUREAU,VALLEY BUREAU
1675,1663,16A77,16A97,FOOTHILL,FOOTHILL,VALLEY BUREAU,VALLEY BUREAU
1676,1664,16A77,16A97,FOOTHILL,FOOTHILL,VALLEY BUREAU,VALLEY BUREAU
1677,1665,16A77,16A97,FOOTHILL,FOOTHILL,VALLEY BUREAU,VALLEY BUREAU
1692,1667,16A77,16A97,FOOTHILL,FOOTHILL,VALLEY BUREAU,VALLEY BUREAU
1694,1668,16A59,16A89,FOOTHILL,FOOTHILL,VALLEY BUREAU,VALLEY BUREAU
1695,1669,16A59,16A89,FOOTHILL,FOOTHILL,VALLEY BUREAU,VALLEY BUREAU
1648,1672,16A77,16A97,FOOTHILL,FOOTHILL,VALLEY BUREAU,VALLEY BUREAU
1682,1673,16A77,16A97,FOOTHILL,FOOTHILL,VALLEY BUREAU,VALLEY BUREAU
1683,1675,16A77,16A97,FOOTHILL,FOOTHILL,VALLEY BUREAU,VALLEY BUREAU
1691,1676,16A77,16A97,FOOTHILL,FOOTHILL,VALLEY BUREAU,VALLEY BUREAU
1696,1677,16A77,16A97,FOOTHILL,FOOTHILL,VALLEY BUREAU,VALLEY BUREAU
1697,1678,16A77,16A97,FOOTHILL,FOOTHILL,VALLEY BUREAU,VALLEY BUREAU
1699,1679,16A59,16A89,FOOTHILL,FOOTHILL,VALLEY BUREAU,VALLEY BUREAU
1501,1681,16A81,15A3,FOOTHILL,NORTH HOLLYWOOD,VALLEY BUREAU,VALLEY BUREAU
1502,1682,16A81,15A3,FOOTHILL,NORTH HOLLYWOOD,VALLEY BUREAU,VALLEY BUREAU
1504,1684,16A81,15A3,FOOTHILL,NORTH HOLLYWOOD,VALLEY BUREAU,VALLEY BUREAU
1505,1685,16A81,15A3,FOOTHILL,NORTH HOLLYWOOD,VALLEY BUREAU,VALLEY BUREAU
1506,1687,16A81,15A3,FOOTHILL,NORTH HOLLYWOOD,VALLEY BUREAU,VALLEY BUREAU
1507,1689,16A81,15A3,FOOTHILL,NORTH HOLLYWOOD,VALLEY BUREAU,VALLEY BUREAU
1552,1691,16A81,15A3,FOOTHILL,NORTH HOLLYWOOD,VALLEY BUREAU,VALLEY BUREAU
1503,1693,16A81,15A3,FOOTHILL,NORTH HOLLYWOOD,VALLEY BUREAU,VALLEY BUREAU
1536,1695,16A81,15A3,FOOTHILL,NORTH HOLLYWOOD,VALLEY BUREAU,VALLEY BUREAU
1508,1698,16A81,15A3,FOOTHILL,NORTH HOLLYWOOD,VALLEY BUREAU,VALLEY BUREAU
1509,1699,16A81,15A3,FOOTHILL,NORTH HOLLYWOOD,VALLEY BUREAU,VALLEY BUREAU
1701,1701,17A23,17A27,DEVONSHIRE,DEVONSHIRE,VALLEY BUREAU,VALLEY BUREAU
1703,1703,17A35,17A27,DEVONSHIRE,DEVONSHIRE,VALLEY BUREAU,VALLEY BUREAU
1705,1705,17A35,17A27,DEVONSHIRE,DEVONSHIRE,VALLEY BUREAU,VALLEY BUREAU
1707,1707,17A35,17A27,DEVONSHIRE,DEVONSHIRE,VALLEY BUREAU,VALLEY BUREAU
1921,1708,17A49,19A23,DEVONSHIRE,MISSION,VALLEY BUREAU,VALLEY BUREAU
1922,1709,17A49,19A23,DEVONSHIRE,MISSION,VALLEY BUREAU,VALLEY BUREAU
1702,1712,17A35,17A27,DEVONSHIRE,DEVONSHIRE,VALLEY BUREAU,VALLEY BUREAU
1713,1713,17A35,17A27,DEVONSHIRE,DEVONSHIRE,VALLEY BUREAU,VALLEY BUREAU
1704,1714,17A35,17A27,DEVONSHIRE,DEVONSHIRE,VALLEY BUREAU,VALLEY BUREAU
1706,1715,17A35,17A27,DEVONSHIRE,DEVONSHIRE,VALLEY BUREAU,VALLEY BUREAU
1715,1716,17A35,17A27,DEVONSHIRE,DEVONSHIRE,VALLEY BUREAU,VALLEY BUREAU
1931,1717,17A49,19A23,DEVONSHIRE,MISSION,VALLEY BUREAU,VALLEY BUREAU
1932,1718,17A49,19A23,DEVONSHIRE,MISSION,VALLEY BUREAU,VALLEY BUREAU
1933,1719,17A49,19A23,DEVONSHIRE,MISSION,VALLEY BUREAU,VALLEY BUREAU
1721,1721,17A23,17A23,DEVONSHIRE,DEVONSHIRE,VALLEY BUREAU,VALLEY BUREAU
1722,1722,17A23,17A23,DEVONSHIRE,DEVONSHIRE,VALLEY BUREAU,VALLEY BUREAU
1723,1723,17A23,17A23,DEVONSHIRE,DEVONSHIRE,VALLEY BUREAU,VALLEY BUREAU
1724,1725,17A23,17A23,DEVONSHIRE,DEVONSHIRE,VALLEY BUREAU,VALLEY BUREAU
1725,1727,17A35,17A55,DEVONSHIRE,DEVONSHIRE,VALLEY BUREAU,VALLEY BUREAU
1714,1728,17A35,17A55,DEVONSHIRE,DEVONSHIRE,VALLEY BUREAU,VALLEY BUREAU
1716,1729,17A35,17A27,DEVONSHIRE,DEVONSHIRE,VALLEY BUREAU,VALLEY BUREAU
1727,1735,17A35,17A27,DEVONSHIRE,DEVONSHIRE,VALLEY BUREAU,VALLEY BUREAU
1728,1737,17A35,17A27,DEVONSHIRE,DEVONSHIRE,VALLEY BUREAU,VALLEY BUREAU
1941,1738,17A49,19A23,DEVONSHIRE,MISSION,VALLEY BUREAU,VALLEY BUREAU
1951,1739,17A49,19A61,DEVONSHIRE,MISSION,VALLEY BUREAU,VALLEY BUREAU
1726,1743,17A35,17A55,DEVONSHIRE,DEVONSHIRE,VALLEY BUREAU,VALLEY BUREAU
1737,1745,17A49,17A45,DEVONSHIRE,DEVONSHIRE,VALLEY BUREAU,VALLEY BUREAU
1738,1747,17A49,17A45,DEVONSHIRE,DEVONSHIRE,VALLEY BUREAU,VALLEY BUREAU
1961,1749,17A49,19A61,DEVONSHIRE,MISSION,VALLEY BUREAU,VALLEY BUREAU
1731,1751,17A23,17A23,DEVONSHIRE,DEVONSHIRE,VALLEY BUREAU,VALLEY BUREAU
1732,1752,17A23,17A23,DEVONSHIRE,DEVONSHIRE,VALLEY BUREAU,VALLEY BUREAU
1733,1753,17A23,17A23,DEVONSHIRE,DEVONSHIRE,VALLEY BUREAU,VALLEY BUREAU
1736,1754,17A35,17A55,DEVONSHIRE,DEVONSHIRE,VALLEY BUREAU,VALLEY BUREAU
1744,1755,17A35,17A55,DEVONSHIRE,DEVONSHIRE,VALLEY BUREAU,VALLEY BUREAU
1745,1756,17A49,17A45,DEVONSHIRE,DEVONSHIRE,VALLEY BUREAU,VALLEY BUREAU
1747,1757,17A49,17A45,DEVONSHIRE,DEVONSHIRE,VALLEY BUREAU,VALLEY BUREAU
1971,1758,17A49,19A61,DEVONSHIRE,MISSION,VALLEY BUREAU,VALLEY BUREAU
1972,1759,17A49,19A61,DEVONSHIRE,MISSION,VALLEY BUREAU,VALLEY BUREAU
1751,1761,17A23,17A23,DEVONSHIRE,DEVONSHIRE,VALLEY BUREAU,VALLEY BUREAU
1752,1762,17A81,17A23,DEVONSHIRE,DEVONSHIRE,VALLEY BUREAU,VALLEY BUREAU
1734,1763,17A23,17A23,DEVONSHIRE,DEVONSHIRE,VALLEY BUREAU,VALLEY BUREAU
1754,1764,17A81,17A55,DEVONSHIRE,DEVONSHIRE,VALLEY BUREAU,VALLEY BUREAU
1735,1765,17A35,17A55,DEVONSHIRE,DEVONSHIRE,VALLEY BUREAU,VALLEY BUREAU
1755,1766,17A67,17A55,DEVONSHIRE,DEVONSHIRE,VALLEY BUREAU,VALLEY BUREAU
1756,1767,17A67,17A55,DEVONSHIRE,DEVONSHIRE,VALLEY BUREAU,VALLEY BUREAU
1746,1768,17A95,17A45,DEVONSHIRE,DEVONSHIRE,VALLEY BUREAU,VALLEY BUREAU
1762,1771,17A81,17A23,DEVONSHIRE,DEVONSHIRE,VALLEY BUREAU,VALLEY BUREAU
1753,1772,17A81,17A23,DEVONSHIRE,DEVONSHIRE,VALLEY BUREAU,VALLEY BUREAU
1757,1773,17A67,17A55,DEVONSHIRE,DEVONSHIRE,VALLEY BUREAU,VALLEY BUREAU
1758,1774,17A67,17A55,DEVONSHIRE,DEVONSHIRE,VALLEY BUREAU,VALLEY BUREAU
1763,1775,17A95,17A45,DEVONSHIRE,DEVONSHIRE,VALLEY BUREAU,VALLEY BUREAU
1764,1776,17A95,17A45,DEVONSHIRE,DEVONSHIRE,VALLEY BUREAU,VALLEY BUREAU
1981,1777,17A95,19A61,DEVONSHIRE,MISSION,VALLEY BUREAU,VALLEY BUREAU
1982,1778,17A95,19A61,DEVONSHIRE,MISSION,VALLEY BUREAU,VALLEY BUREAU
1983,1779,17A95,19A61,DEVONSHIRE,MISSION,VALLEY BUREAU,VALLEY BUREAU
1774,1781,17A81,17A83,DEVONSHIRE,DEVONSHIRE,VALLEY BUREAU,VALLEY BUREAU
1775,1782,17A81,17A83,DEVONSHIRE,DEVONSHIRE,VALLEY BUREAU,VALLEY BUREAU
1776,1783,17A67,17A55,DEVONSHIRE,DEVONSHIRE,VALLEY BUREAU,VALLEY BUREAU
1777,1785,17A67,17A55,DEVONSHIRE,DEVONSHIRE,VALLEY BUREAU,VALLEY BUREAU
1778,1787,17A67,17A45,DEVONSHIRE,DEVONSHIRE,VALLEY BUREAU,VALLEY BUREAU
1792,1788,17A95,17A45,DEVONSHIRE,DEVONSHIRE,VALLEY BUREAU,VALLEY BUREAU
1785,1791,17A81,17A83,DEVONSHIRE,DEVONSHIRE,VALLEY BUREAU,VALLEY BUREAU
1786,1792,17A81,17A83,DEVONSHIRE,DEVONSHIRE,VALLEY BUREAU,VALLEY BUREAU
1787,1793,17A67,17A55,DEVONSHIRE,DEVONSHIRE,VALLEY BUREAU,VALLEY BUREAU
1788,1794,17A67,17A55,DEVONSHIRE,DEVONSHIRE,VALLEY BUREAU,VALLEY BUREAU
1791,1795,17A95,17A45,DEVONSHIRE,DEVONSHIRE,VALLEY BUREAU,VALLEY BUREAU
1793,1796,17A95,17A45,DEVONSHIRE,DEVONSHIRE,VALLEY BUREAU,VALLEY BUREAU
1991,1797,17A95,19A61,DEVONSHIRE,MISSION,VALLEY BUREAU,VALLEY BUREAU
1992,1798,17A95,19A61,DEVONSHIRE,MISSION,VALLEY BUREAU,VALLEY BUREAU
1993,1799,17A95,19A61,DEVONSHIRE,MISSION,VALLEY BUREAU,VALLEY BUREAU
1801,1801,18A1,18A1,SOUTHEAST,SOUTHEAST,SOUTH BUREAU,SOUTH BUREAU
1802,1802,18A1,18A1,SOUTHEAST,SOUTHEAST,SOUTH BUREAU,SOUTH BUREAU
1803,1803,18A3,18A3,SOUTHEAST,SOUTHEAST,SOUTH BUREAU,SOUTH BUREAU
1804,1804,18A3,18A3,SOUTHEAST,SOUTHEAST,SOUTH BUREAU,SOUTH BUREAU
1805,1805,18A3,18A3,SOUTHEAST,SOUTHEAST,SOUTH BUREAU,SOUTH BUREAU
1806,1806,18A3,18A3,SOUTHEAST,SOUTHEAST,SOUTH BUREAU,SOUTH BUREAU
1821,1821,18A17,18A17,SOUTHEAST,SOUTHEAST,SOUTH BUREAU,SOUTH BUREAU
1822,1822,18A17,18A17,SOUTHEAST,SOUTHEAST,SOUTH BUREAU,SOUTH BUREAU
1823,1823,18A3,18A3,SOUTHEAST,SOUTHEAST,SOUTH BUREAU,SOUTH BUREAU
1824,1824,18A34,18A34,SOUTHEAST,SOUTHEAST,SOUTH BUREAU,SOUTH BUREAU
1826,1826,18A26,18A26,SOUTHEAST,SOUTHEAST,SOUTH BUREAU,SOUTH BUREAU
1827,1827,18A26,18A26,SOUTHEAST,SOUTHEAST,SOUTH BUREAU,SOUTH BUREAU
1829,1829,18A26,18A26,SOUTHEAST,SOUTHEAST,SOUTH BUREAU,SOUTH BUREAU
1831,1831,18A97,18A97,SOUTHEAST,SOUTHEAST,SOUTH BUREAU,SOUTH BUREAU
1832,1832,18A41,18A41,SOUTHEAST,SOUTHEAST,SOUTH BUREAU,SOUTH BUREAU
1834,1834,18A34,18A34,SOUTHEAST,SOUTHEAST,SOUTH BUREAU,SOUTH BUREAU
1835,1835,18A35,18A35,SOUTHEAST,SOUTHEAST,SOUTH BUREAU,SOUTH BUREAU
1836,1836,18A35,18A35,SOUTHEAST,SOUTHEAST,SOUTH BUREAU,SOUTH BUREAU
1837,1837,18A35,18A35,SOUTHEAST,SOUTHEAST,SOUTH BUREAU,SOUTH BUREAU
1838,1838,18A49,18A49,SOUTHEAST,SOUTHEAST,SOUTH BUREAU,SOUTH BUREAU
1839,1839,18A49,18A49,SOUTHEAST,SOUTHEAST,SOUTH BUREAU,SOUTH BUREAU
1841,1841,18A41,18A41,SOUTHEAST,SOUTHEAST,SOUTH BUREAU,SOUTH BUREAU
1842,1842,18A41,18A41,SOUTHEAST,SOUTHEAST,SOUTH BUREAU,SOUTH BUREAU
1844,1844,18A34,18A34,SOUTHEAST,SOUTHEAST,SOUTH BUREAU,SOUTH BUREAU
1846,1846,18A35,18A35,SOUTHEAST,SOUTHEAST,SOUTH BUREAU,SOUTH BUREAU
1849,1849,18A49,18A49,SOUTHEAST,SOUTHEAST,SOUTH BUREAU,SOUTH BUREAU
1851,1851,18A97,18A97,SOUTHEAST,SOUTHEAST,SOUTH BUREAU,SOUTH BUREAU
1861,1861,18A97,18A97,SOUTHEAST,SOUTHEAST,SOUTH BUREAU,SOUTH BUREAU
1862,1862,18A63,18A63,SOUTHEAST,SOUTHEAST,SOUTH BUREAU,SOUTH BUREAU
1863,1863,18A63,18A63,SOUTHEAST,SOUTHEAST,SOUTH BUREAU,SOUTH BUREAU
1864,1864,18A63,18A63,SOUTHEAST,SOUTHEAST,SOUTH BUREAU,SOUTH BUREAU
1871,1871,18A97,18A97,SOUTHEAST,SOUTHEAST,SOUTH BUREAU,SOUTH BUREAU
1881,1881,18A97,18A97,SOUTHEAST,SOUTHEAST,SOUTH BUREAU,SOUTH BUREAU
1891,1891,18A97,18A97,SOUTHEAST,SOUTHEAST,SOUTH BUREAU,SOUTH BUREAU
1901,1901,19A1,19A1,MISSION,MISSION,VALLEY BUREAU,VALLEY BUREAU
1902,1902,19A7,19A7,MISSION,MISSION,VALLEY BUREAU,VALLEY BUREAU
1903,1903,19A7,19A7,MISSION,MISSION,VALLEY BUREAU,VALLEY BUREAU
1904,1904,19A7,19A7,MISSION,MISSION,VALLEY BUREAU,VALLEY BUREAU
1905,1905,19A7,19A7,MISSION,MISSION,VALLEY BUREAU,VALLEY BUREAU
1906,1906,19A7,19A7,MISSION,MISSION,VALLEY BUREAU,VALLEY BUREAU
1907,1907,19A7,19A7,MISSION,MISSION,VALLEY BUREAU,VALLEY BUREAU
1908,1908,19A7,19A7,MISSION,MISSION,VALLEY BUREAU,VALLEY BUREAU
1909,1909,19A7,19A7,MISSION,MISSION,VALLEY BUREAU,VALLEY BUREAU
1911,1911,19A1,19A1,MISSION,MISSION,VALLEY BUREAU,VALLEY BUREAU
1912,1912,19A1,19A1,MISSION,MISSION,VALLEY BUREAU,VALLEY BUREAU
1914,1913,19A1,19A1,MISSION,MISSION,VALLEY BUREAU,VALLEY BUREAU
1917,1915,19A1,19A1,MISSION,MISSION,VALLEY BUREAU,VALLEY BUREAU
1918,1916,19A7,19A7,MISSION,MISSION,VALLEY BUREAU,VALLEY BUREAU
1927,1917,19A7,19A7,MISSION,MISSION,VALLEY BUREAU,VALLEY BUREAU
1928,1918,19A7,19A7,MISSION,MISSION,VALLEY BUREAU,VALLEY BUREAU
1929,1919,19A7,19A7,MISSION,MISSION,VALLEY BUREAU,VALLEY BUREAU
1913,1921,19A1,19A1,MISSION,MISSION,VALLEY BUREAU,VALLEY BUREAU
1924,1924,19A1,19A1,MISSION,MISSION,VALLEY BUREAU,VALLEY BUREAU
1916,1925,19A1,19A1,MISSION,MISSION,VALLEY BUREAU,VALLEY BUREAU
1923,1931,19A43,19A23,MISSION,MISSION,VALLEY BUREAU,VALLEY BUREAU
1934,1934,19A43,19A23,MISSION,MISSION,VALLEY BUREAU,VALLEY BUREAU
1935,1935,19A43,19A23,MISSION,MISSION,VALLEY BUREAU,VALLEY BUREAU
1936,1936,19A43,19A23,MISSION,MISSION,VALLEY BUREAU,VALLEY BUREAU
1942,1941,19A43,19A23,MISSION,MISSION,VALLEY BUREAU,VALLEY BUREAU
1943,1943,19A43,19A23,MISSION,MISSION,VALLEY BUREAU,VALLEY BUREAU
1944,1944,19A43,19A23,MISSION,MISSION,VALLEY BUREAU,VALLEY BUREAU
1953,1945,19A43,19A61,MISSION,MISSION,VALLEY BUREAU,VALLEY BUREAU
1962,1951,19A43,19A61,MISSION,MISSION,VALLEY BUREAU,VALLEY BUREAU
1973,1952,19A43,19A61,MISSION,MISSION,VALLEY BUREAU,VALLEY BUREAU
1963,1954,19A43,19A61,MISSION,MISSION,VALLEY BUREAU,VALLEY BUREAU
1964,1955,19A43,19A61,MISSION,MISSION,VALLEY BUREAU,VALLEY BUREAU
1974,1956,19A43,19A61,MISSION,MISSION,VALLEY BUREAU,VALLEY BUREAU
1651,1958,19A79,16A71,MISSION,FOOTHILL,VALLEY BUREAU,VALLEY BUREAU
1652,1959,19A79,16A71,MISSION,FOOTHILL,VALLEY BUREAU,VALLEY BUREAU
1984,1961,19A61,19A95,MISSION,MISSION,VALLEY BUREAU,VALLEY BUREAU
1985,1962,19A61,19A85,MISSION,MISSION,VALLEY BUREAU,VALLEY BUREAU
1977,1963,19A75,19A85,MISSION,MISSION,VALLEY BUREAU,VALLEY BUREAU
1986,1964,19A75,19A85,MISSION,MISSION,VALLEY BUREAU,VALLEY BUREAU
1978,1966,19A75,19A85,MISSION,MISSION,VALLEY BUREAU,VALLEY BUREAU
1661,1967,19A79,16A71,MISSION,FOOTHILL,VALLEY BUREAU,VALLEY BUREAU
1662,1969,19A79,16A71,MISSION,FOOTHILL,VALLEY BUREAU,VALLEY BUREAU
1988,1971,19A61,19A95,MISSION,MISSION,VALLEY BUREAU,VALLEY BUREAU
1989,1972,19A61,19A95,MISSION,MISSION,VALLEY BUREAU,VALLEY BUREAU
1987,1974,19A85,19A97,MISSION,MISSION,VALLEY BUREAU,VALLEY BUREAU
1979,1975,19A75,19A85,MISSION,MISSION,VALLEY BUREAU,VALLEY BUREAU
1671,1977,19A79,16A71,MISSION,FOOTHILL,VALLEY BUREAU,VALLEY BUREAU
1673,1979,19A79,16A71,MISSION,FOOTHILL,VALLEY BUREAU,VALLEY BUREAU
1994,1981,19A61,19A95,MISSION,MISSION,VALLEY BUREAU,VALLEY BUREAU
1995,1982,19A61,19A95,MISSION,MISSION,VALLEY BUREAU,VALLEY BUREAU
1999,1983,19A61,19A95,MISSION,MISSION,VALLEY BUREAU,VALLEY BUREAU
1996,1984,19A85,19A97,MISSION,MISSION,VALLEY BUREAU,VALLEY BUREAU
1997,1985,19A85,19A97,MISSION,MISSION,VALLEY BUREAU,VALLEY BUREAU
1998,1987,19A75,19A85,MISSION,MISSION,VALLEY BUREAU,VALLEY BUREAU
1672,1988,19A79,16A71,MISSION,FOOTHILL,VALLEY BUREAU,VALLEY BUREAU
1681,1989,19A79,16A97,MISSION,FOOTHILL,VALLEY BUREAU,VALLEY BUREAU
923,1991,19A93,9A23,MISSION,VAN NUYS,VALLEY BUREAU,VALLEY BUREAU
924,1993,19A93,9A23,MISSION,VAN NUYS,VALLEY BUREAU,VALLEY BUREAU
916,1994,19A93,9A23,MISSION,VAN NUYS,VALLEY BUREAU,VALLEY BUREAU
925,1995,19A93,9A23,MISSION,VAN NUYS,VALLEY BUREAU,VALLEY BUREAU
926,1998,19A93,9A37,MISSION,VAN NUYS,VALLEY BUREAU,VALLEY BUREAU
927,1999,19A93,9A37,MISSION,VAN NUYS,VALLEY BUREAU,VALLEY BUREAU
696,2001,20A1,6A97,OLYMPIC,HOLLYWOOD,WEST BUREAU,WEST BUREAU
697,2002,20A1,6A97,OLYMPIC,HOLLYWOOD,WEST BUREAU,WEST BUREAU
698,2004,20A13,6A97,OLYMPIC,HOLLYWOOD,WEST BUREAU,WEST BUREAU
699,2005,20A13,6A97,OLYMPIC,HOLLYWOOD,WEST BUREAU,WEST BUREAU
708,2011,20A1,7A7,OLYMPIC,WILSHIRE,WEST BUREAU,WEST BUREAU
798,2013,20A13,7A29,OLYMPIC,WILSHIRE,WEST BUREAU,WEST BUREAU
709,2014,20A13,7A29,OLYMPIC,WILSHIRE,WEST BUREAU,WEST BUREAU
231,2015,20A25,2A31,OLYMPIC,RAMPART,WEST BUREAU,CENTRAL BUREAU
232,2016,20A25,2A42,OLYMPIC,RAMPART,WEST BUREAU,CENTRAL BUREAU
225,2017,20A25,2A42,OLYMPIC,RAMPART,WEST BUREAU,CENTRAL BUREAU
233,2019,20A39,2A31,OLYMPIC,RAMPART,WEST BUREAU,CENTRAL BUREAU
727,2021,20A1,7A7,OLYMPIC,WILSHIRE,WEST BUREAU,WEST BUREAU
728,2022,20A1,7A7,OLYMPIC,WILSHIRE,WEST BUREAU,WEST BUREAU
719,2023,20A13,7A29,OLYMPIC,WILSHIRE,WEST BUREAU,WEST BUREAU
729,2024,20A33,7A29,OLYMPIC,WILSHIRE,WEST BUREAU,WEST BUREAU
241,2025,20A25,2A42,OLYMPIC,RAMPART,WEST BUREAU,CENTRAL BUREAU
227,2026,20A25,2A42,OLYMPIC,RAMPART,WEST BUREAU,CENTRAL BUREAU
242,2027,20A45,2A51,OLYMPIC,RAMPART,WEST BUREAU,CENTRAL BUREAU
243,2029,20A39,2A44,OLYMPIC,RAMPART,WEST BUREAU,CENTRAL BUREAU
737,2031,20A53,7A47,OLYMPIC,WILSHIRE,WEST BUREAU,WEST BUREAU
738,2033,20A33,7A47,OLYMPIC,WILSHIRE,WEST BUREAU,WEST BUREAU
739,2034,20A33,7A47,OLYMPIC,WILSHIRE,WEST BUREAU,WEST BUREAU
251,2035,20A45,2A51,OLYMPIC,RAMPART,WEST BUREAU,CENTRAL BUREAU
253,2036,20A45,2A51,OLYMPIC,RAMPART,WEST BUREAU,CENTRAL BUREAU
252,2038,20A39,2A51,OLYMPIC,RAMPART,WEST BUREAU,CENTRAL BUREAU
254,2039,20A39,2A51,OLYMPIC,RAMPART,WEST BUREAU,CENTRAL BUREAU
736,2041,20A53,7A47,OLYMPIC,WILSHIRE,WEST BUREAU,WEST BUREAU
795,2042,20A53,7A47,OLYMPIC,WILSHIRE,WEST BUREAU,WEST BUREAU
796,2044,20A33,7A47,OLYMPIC,WILSHIRE,WEST BUREAU,WEST BUREAU
757,2045,20A45,7A55,OLYMPIC,WILSHIRE,WEST BUREAU,WEST BUREAU
797,2046,20A45,7A55,OLYMPIC,WILSHIRE,WEST BUREAU,WEST BUREAU
758,2049,20A69,7A55,OLYMPIC,WILSHIRE,WEST BUREAU,WEST BUREAU
748,2053,20A53,7A47,OLYMPIC,WILSHIRE,WEST BUREAU,WEST BUREAU
749,2054,20A53,7A55,OLYMPIC,WILSHIRE,WEST BUREAU,WEST BUREAU
756,2055,20A69,7A55,OLYMPIC,WILSHIRE,WEST BUREAU,WEST BUREAU
799,2056,20A69,7A55,OLYMPIC,WILSHIRE,WEST BUREAU,WEST BUREAU
759,2058,20A69,7A55,OLYMPIC,WILSHIRE,WEST BUREAU,WEST BUREAU
747,2062,20A53,7A47,OLYMPIC,WILSHIRE,WEST BUREAU,WEST BUREAU
754,2063,20A53,7A47,OLYMPIC,WILSHIRE,WEST BUREAU,WEST BUREAU
755,2064,20A53,7A55,OLYMPIC,WILSHIRE,WEST BUREAU,WEST BUREAU
769,2069,20A69,7A55,OLYMPIC,WILSHIRE,WEST BUREAU,WEST BUREAU
767,2071,20A71,7A89,OLYMPIC,WILSHIRE,WEST BUREAU,WEST BUREAU
768,2073,20A71,7A89,OLYMPIC,WILSHIRE,WEST BUREAU,WEST BUREAU
779,2074,20A71,7A89,OLYMPIC,WILSHIRE,WEST BUREAU,WEST BUREAU
281,2076,20A97,2A91,OLYMPIC,RAMPART,WEST BUREAU,CENTRAL BUREAU
282,2079,20A97,2A91,OLYMPIC,RAMPART,WEST BUREAU,CENTRAL BUREAU
777,2081,20A71,7A89,OLYMPIC,WILSHIRE,WEST BUREAU,WEST BUREAU
778,2083,20A71,7A89,OLYMPIC,WILSHIRE,WEST BUREAU,WEST BUREAU
283,2088,20A97,2A91,OLYMPIC,RAMPART,WEST BUREAU,CENTRAL BUREAU
788,2091,20A71,7A89,OLYMPIC,WILSHIRE,WEST BUREAU,WEST BUREAU
789,2093,20A71,7A89,OLYMPIC,WILSHIRE,WEST BUREAU,WEST BUREAU
291,2097,20A97,2A91,OLYMPIC,RAMPART,WEST BUREAU,CENTRAL BUREAU
292,2099,20A97,2A91,OLYMPIC,RAMPART,WEST BUREAU,CENTRAL BUREAU
1771,2101,21A1,17A83,TOPANGA,DEVONSHIRE,VALLEY BUREAU,VALLEY BUREAU
1781,2102,21A1,17A83,TOPANGA,DEVONSHIRE,VALLEY BUREAU,VALLEY BUREAU
1782,2103,21A1,17A83,TOPANGA,DEVONSHIRE,VALLEY BUREAU,VALLEY BUREAU
1772,2104,21A5,17A83,TOPANGA,DEVONSHIRE,VALLEY BUREAU,VALLEY BUREAU
1783,2105,21A5,17A83,TOPANGA,DEVONSHIRE,VALLEY BUREAU,VALLEY BUREAU
1773,2106,21A5,17A83,TOPANGA,DEVONSHIRE,VALLEY BUREAU,VALLEY BUREAU
1784,2107,21A5,17A83,TOPANGA,DEVONSHIRE,VALLEY BUREAU,VALLEY BUREAU
1011,2111,21A1,10A51,TOPANGA,WEST VALLEY,VALLEY BUREAU,VALLEY BUREAU
1012,2113,21A1,10A51,TOPANGA,WEST VALLEY,VALLEY BUREAU,VALLEY BUREAU
1003,2114,21A1,10A3,TOPANGA,WEST VALLEY,VALLEY BUREAU,VALLEY BUREAU
1004,2115,21A5,10A3,TOPANGA,WEST VALLEY,VALLEY BUREAU,VALLEY BUREAU
1006,2118,21A29,10A33,TOPANGA,WEST VALLEY,VALLEY BUREAU,VALLEY BUREAU
1002,2125,21A5,10A3,TOPANGA,WEST VALLEY,VALLEY BUREAU,VALLEY BUREAU
1005,2126,21A5,10A3,TOPANGA,WEST VALLEY,VALLEY BUREAU,VALLEY BUREAU
1023,2128,21A29,10A33,TOPANGA,WEST VALLEY,VALLEY BUREAU,VALLEY BUREAU
1007,2129,21A29,10A33,TOPANGA,WEST VALLEY,VALLEY BUREAU,VALLEY BUREAU
1021,2131,21A1,10A51,TOPANGA,WEST VALLEY,VALLEY BUREAU,VALLEY BUREAU
1022,2132,21A1,10A51,TOPANGA,WEST VALLEY,VALLEY BUREAU,VALLEY BUREAU
1013,2133,21A1,10A51,TOPANGA,WEST VALLEY,VALLEY BUREAU,VALLEY BUREAU
1014,2134,21A1,10A51,TOPANGA,WEST VALLEY,VALLEY BUREAU,VALLEY BUREAU
1015,2136,21A5,10A3,TOPANGA,WEST VALLEY,VALLEY BUREAU,VALLEY BUREAU
1024,2137,21A5,10A3,TOPANGA,WEST VALLEY,VALLEY BUREAU,VALLEY BUREAU
1025,2138,21A29,10A33,TOPANGA,WEST VALLEY,VALLEY BUREAU,VALLEY BUREAU
1029,2139,21A29,10A33,TOPANGA,WEST VALLEY,VALLEY BUREAU,VALLEY BUREAU
1051,2141,21A43,10A51,TOPANGA,WEST VALLEY,VALLEY BUREAU,VALLEY BUREAU
1052,2142,21A43,10A51,TOPANGA,WEST VALLEY,VALLEY BUREAU,VALLEY BUREAU
1053,2143,21A43,10A51,TOPANGA,WEST VALLEY,VALLEY BUREAU,VALLEY BUREAU
1054,2144,21A43,10A51,TOPANGA,WEST VALLEY,VALLEY BUREAU,VALLEY BUREAU
1055,2145,21A43,10A51,TOPANGA,WEST VALLEY,VALLEY BUREAU,VALLEY BUREAU
1042,2146,21A57,10A57,TOPANGA,WEST VALLEY,VALLEY BUREAU,VALLEY BUREAU
1032,2147,21A57,10A57,TOPANGA,WEST VALLEY,VALLEY BUREAU,VALLEY BUREAU
1033,2148,21A29,10A33,TOPANGA,WEST VALLEY,VALLEY BUREAU,VALLEY BUREAU
1034,2149,21A29,10A33,TOPANGA,WEST VALLEY,VALLEY BUREAU,VALLEY BUREAU
1056,2155,21A43,10A73,TOPANGA,WEST VALLEY,VALLEY BUREAU,VALLEY BUREAU
1057,2156,21A57,10A57,TOPANGA,WEST VALLEY,VALLEY BUREAU,VALLEY BUREAU
1043,2157,21A57,10A33,TOPANGA,WEST VALLEY,VALLEY BUREAU,VALLEY BUREAU
1058,2158,21A97,10A75,TOPANGA,WEST VALLEY,VALLEY BUREAU,VALLEY BUREAU
1044,2159,21A29,10A33,TOPANGA,WEST VALLEY,VALLEY BUREAU,VALLEY BUREAU
1061,2161,21A73,10A73,TOPANGA,WEST VALLEY,VALLEY BUREAU,VALLEY BUREAU
1062,2162,21A73,10A73,TOPANGA,WEST VALLEY,VALLEY BUREAU,VALLEY BUREAU
1065,2169,21A29,10A67,TOPANGA,WEST VALLEY,VALLEY BUREAU,VALLEY BUREAU
1071,2172,21A73,10A73,TOPANGA,WEST VALLEY,VALLEY BUREAU,VALLEY BUREAU
1072,2173,21A73,10A73,TOPANGA,WEST VALLEY,VALLEY BUREAU,VALLEY BUREAU
1063,2175,21A73,10A73,TOPANGA,WEST VALLEY,VALLEY BUREAU,VALLEY BUREAU
1064,2177,21A97,10A75,TOPANGA,WEST VALLEY,VALLEY BUREAU,VALLEY BUREAU
1081,2183,21A73,10A73,TOPANGA,WEST VALLEY,VALLEY BUREAU,VALLEY BUREAU
1073,2185,21A73,10A73,TOPANGA,WEST VALLEY,VALLEY BUREAU,VALLEY BUREAU
1075,2187,21A97,10A75,TOPANGA,WEST VALLEY,VALLEY BUREAU,VALLEY BUREAU
1083,2189,21A97,10A75,TOPANGA,WEST VALLEY,VALLEY BUREAU,VALLEY BUREAU
1082,2196,21A97,10A75,TOPANGA,WEST VALLEY,VALLEY BUREAU,VALLEY BUREAU
1092,2197,21A97,10A75,TOPANGA,WEST VALLEY,VALLEY BUREAU,VALLEY BUREAU
1091,2198,21A97,10A75,TOPANGA,WEST VALLEY,VALLEY BUREAU,VALLEY BUREAU
1093,2199,21A97,10A67,TOPANGA,WEST VALLEY,VALLEY BUREAU,VALLEY BUREAU
